Domain,Area,Element,Item,Year,Unit,Value,Note
Agriculture Total,Afghanistan,Emissions (N2O),Manure Management,2010,gigagrams,0.398,
Agriculture Total,Afghanistan,Emissions (N2O),Synthetic Fertilizers,2010,gigagrams,0.2692,
Agriculture Total,Afghanistan,Emissions (N2O),Manure applied to Soils,2010,gigagrams,1.6533,
Agriculture Total,Afghanistan,Emissions (N2O),Manure left on Pasture,2010,gigagrams,10.3302,
Agriculture Total,Albania,Emissions (N2O),Manure Management,2010,gigagrams,0.5259,
Agriculture Total,Albania,Emissions (N2O),Synthetic Fertilizers,2010,gigagrams,0.6516,
Agriculture Total,Albania,Emissions (N2O),Manure applied to Soils,2010,gigagrams,0.7762,
Agriculture Total,Albania,Emissions (N2O),Manure left on Pasture,2010,gigagrams,1.2471,
Agriculture Total,Algeria,Emissions (N2O),Manure Management,2010,gigagrams,0.1993,
Agriculture Total,Algeria,Emissions (N2O),Synthetic Fertilizers,2010,gigagrams,1.2514,
Agriculture Total,Algeria,Emissions (N2O),Manure applied to Soils,2010,gigagrams,0.4836,
Agriculture Total,Algeria,Emissions (N2O),Manure left on Pasture,2010,gigagrams,12.4087,
Agriculture Total,American Samoa,Emissions (N2O),Manure Management,2010,gigagrams,0.0014,
Agriculture Total,American Samoa,Emissions (N2O),Manure applied to Soils,2010,gigagrams,0.0018,
Agriculture Total,American Samoa,Emissions (N2O),Manure left on Pasture,2010,gigagrams,0.0003,
Agriculture Total,Angola,Emissions (N2O),Manure Management,2010,gigagrams,0.9366,
Agriculture Total,Angola,Emissions (N2O),Synthetic Fertilizers,2010,gigagrams,0.3616,
Agriculture Total,Angola,Emissions (N2O),Manure applied to Soils,2010,gigagrams,0.7759,
Agriculture Total,Angola,Emissions (N2O),Manure left on Pasture,2010,gigagrams,8.5062,
Agriculture Total,Antigua and Barbuda,Emissions (N2O),Manure Management,2010,gigagrams,0.0019,
Agriculture Total,Antigua and Barbuda,Emissions (N2O),Synthetic Fertilizers,2010,gigagrams,0.0001,
Agriculture Total,Antigua and Barbuda,Emissions (N2O),Manure applied to Soils,2010,gigagrams,0.005,
Agriculture Total,Antigua and Barbuda,Emissions (N2O),Manure left on Pasture,2010,gigagrams,0.0208,
Agriculture Total,Argentina,Emissions (N2O),Manure Management,2010,gigagrams,1.4159,
Agriculture Total,Argentina,Emissions (N2O),Synthetic Fertilizers,2010,gigagrams,16.0584,
Agriculture Total,Argentina,Emissions (N2O),Manure applied to Soils,2010,gigagrams,3.7333,
Agriculture Total,Argentina,Emissions (N2O),Manure left on Pasture,2010,gigagrams,82.3406,
Agriculture Total,Armenia,Emissions (N2O),Manure Management,2010,gigagrams,0.0632,
Agriculture Total,Armenia,Emissions (N2O),Synthetic Fertilizers,2010,gigagrams,0.6161,
Agriculture Total,Armenia,Emissions (N2O),Manure applied to Soils,2010,gigagrams,0.0794,
Agriculture Total,Armenia,Emissions (N2O),Manure left on Pasture,2010,gigagrams,1.3559,
Agriculture Total,Australia,Emissions (N2O),Manure Management,2010,gigagrams,5.6073,
Agriculture Total,Australia,Emissions (N2O),Synthetic Fertilizers,2010,gigagrams,20.4425,
Agriculture Total,Australia,Emissions (N2O),Manure applied to Soils,2010,gigagrams,3.2093,
Agriculture Total,Australia,Emissions (N2O),Manure left on Pasture,2010,gigagrams,88.5407,
Agriculture Total,Austria,Emissions (N2O),Manure Management,2010,gigagrams,1.5094,
Agriculture Total,Austria,Emissions (N2O),Synthetic Fertilizers,2010,gigagrams,1.7938,
Agriculture Total,Austria,Emissions (N2O),Manure applied to Soils,2010,gigagrams,2.286,
Agriculture Total,Austria,Emissions (N2O),Manure left on Pasture,2010,gigagrams,1.5461,
Agriculture Total,Azerbaijan,Emissions (N2O),Manure Management,2010,gigagrams,0.1105,
Agriculture Total,Azerbaijan,Emissions (N2O),Synthetic Fertilizers,2010,gigagrams,0.2668,
Agriculture Total,Azerbaijan,Emissions (N2O),Manure applied to Soils,2010,gigagrams,0.3056,
Agriculture Total,Azerbaijan,Emissions (N2O),Manure left on Pasture,2010,gigagrams,7.6402,
Agriculture Total,Bahamas,Emissions (N2O),Manure Management,2010,gigagrams,0.0065,
Agriculture Total,Bahamas,Emissions (N2O),Manure applied to Soils,2010,gigagrams,0.0165,
Agriculture Total,Bahamas,Emissions (N2O),Manure left on Pasture,2010,gigagrams,0.025,
Agriculture Total,Bahrain,Emissions (N2O),Manure Management,2010,gigagrams,0.0008,
Agriculture Total,Bahrain,Emissions (N2O),Synthetic Fertilizers,2010,gigagrams,0.0537,
Agriculture Total,Bahrain,Emissions (N2O),Manure applied to Soils,2010,gigagrams,0.0021,
Agriculture Total,Bahrain,Emissions (N2O),Manure left on Pasture,2010,gigagrams,0.0454,
Agriculture Total,Bangladesh,Emissions (N2O),Manure Management,2010,gigagrams,1.4568,
Agriculture Total,Bangladesh,Emissions (N2O),Synthetic Fertilizers,2010,gigagrams,24.2947,
Agriculture Total,Bangladesh,Emissions (N2O),Manure applied to Soils,2010,gigagrams,4.9983,
Agriculture Total,Bangladesh,Emissions (N2O),Manure left on Pasture,2010,gigagrams,28.5899,
Agriculture Total,Barbados,Emissions (N2O),Manure Management,2010,gigagrams,0.0134,
Agriculture Total,Barbados,Emissions (N2O),Synthetic Fertilizers,2010,gigagrams,0.0091,
Agriculture Total,Barbados,Emissions (N2O),Manure applied to Soils,2010,gigagrams,0.0298,
Agriculture Total,Barbados,Emissions (N2O),Manure left on Pasture,2010,gigagrams,0.0476,
Agriculture Total,Belarus,Emissions (N2O),Manure Management,2010,gigagrams,2.9175,
Agriculture Total,Belarus,Emissions (N2O),Synthetic Fertilizers,2010,gigagrams,11.0333,
Agriculture Total,Belarus,Emissions (N2O),Manure applied to Soils,2010,gigagrams,4.24,
Agriculture Total,Belarus,Emissions (N2O),Manure left on Pasture,2010,gigagrams,1.8839,
Agriculture Total,Belgium,Emissions (N2O),Manure Management,2010,gigagrams,2.0652,
Agriculture Total,Belgium,Emissions (N2O),Synthetic Fertilizers,2010,gigagrams,3.5653,
Agriculture Total,Belgium,Emissions (N2O),Manure applied to Soils,2010,gigagrams,3.3235,
Agriculture Total,Belgium,Emissions (N2O),Manure left on Pasture,2010,gigagrams,1.7756,
Agriculture Total,Belize,Emissions (N2O),Manure Management,2010,gigagrams,0.0088,
Agriculture Total,Belize,Emissions (N2O),Synthetic Fertilizers,2010,gigagrams,0.0475,
Agriculture Total,Belize,Emissions (N2O),Manure applied to Soils,2010,gigagrams,0.0189,
Agriculture Total,Belize,Emissions (N2O),Manure left on Pasture,2010,gigagrams,0.1606,
Agriculture Total,Benin,Emissions (N2O),Manure Management,2010,gigagrams,0.2147,
Agriculture Total,Benin,Emissions (N2O),Synthetic Fertilizers,2010,gigagrams,0.2515,
Agriculture Total,Benin,Emissions (N2O),Manure applied to Soils,2010,gigagrams,0.2448,
Agriculture Total,Benin,Emissions (N2O),Manure left on Pasture,2010,gigagrams,4.1857,
Agriculture Total,Bermuda,Emissions (N2O),Manure Management,2010,gigagrams,0.0007,
Agriculture Total,Bermuda,Emissions (N2O),Manure applied to Soils,2010,gigagrams,0.0011,
Agriculture Total,Bermuda,Emissions (N2O),Manure left on Pasture,2010,gigagrams,0.0014,
Agriculture Total,Bhutan,Emissions (N2O),Manure Management,2010,gigagrams,0.0097,
Agriculture Total,Bhutan,Emissions (N2O),Synthetic Fertilizers,2010,gigagrams,0.0143,
Agriculture Total,Bhutan,Emissions (N2O),Manure applied to Soils,2010,gigagrams,0.0475,
Agriculture Total,Bhutan,Emissions (N2O),Manure left on Pasture,2010,gigagrams,0.2395,
Agriculture Total,Bolivia (Plurinational State of),Emissions (N2O),Manure Management,2010,gigagrams,1.1207,
Agriculture Total,Bolivia (Plurinational State of),Emissions (N2O),Synthetic Fertilizers,2010,gigagrams,0.374,
Agriculture Total,Bolivia (Plurinational State of),Emissions (N2O),Manure applied to Soils,2010,gigagrams,2.0188,
Agriculture Total,Bolivia (Plurinational State of),Emissions (N2O),Manure left on Pasture,2010,gigagrams,18.4892,
Agriculture Total,Bosnia and Herzegovina,Emissions (N2O),Manure Management,2010,gigagrams,0.5036,
Agriculture Total,Bosnia and Herzegovina,Emissions (N2O),Synthetic Fertilizers,2010,gigagrams,1.2764,
Agriculture Total,Bosnia and Herzegovina,Emissions (N2O),Manure applied to Soils,2010,gigagrams,0.7924,
Agriculture Total,Bosnia and Herzegovina,Emissions (N2O),Manure left on Pasture,2010,gigagrams,0.6894,
Agriculture Total,Botswana,Emissions (N2O),Manure Management,2010,gigagrams,0.0499,
Agriculture Total,Botswana,Emissions (N2O),Synthetic Fertilizers,2010,gigagrams,0.4152,
Agriculture Total,Botswana,Emissions (N2O),Manure applied to Soils,2010,gigagrams,0.0959,
Agriculture Total,Botswana,Emissions (N2O),Manure left on Pasture,2010,gigagrams,4.9961,
Agriculture Total,Brazil,Emissions (N2O),Manure Management,2010,gigagrams,15.5106,
Agriculture Total,Brazil,Emissions (N2O),Synthetic Fertilizers,2010,gigagrams,64.3687,
Agriculture Total,Brazil,Emissions (N2O),Manure applied to Soils,2010,gigagrams,38.848,
Agriculture Total,Brazil,Emissions (N2O),Manure left on Pasture,2010,gigagrams,328.7294,
Agriculture Total,British Virgin Islands,Emissions (N2O),Manure Management,2010,gigagrams,0.0005,
Agriculture Total,British Virgin Islands,Emissions (N2O),Manure applied to Soils,2010,gigagrams,0.001,
Agriculture Total,British Virgin Islands,Emissions (N2O),Manure left on Pasture,2010,gigagrams,0.0085,
Agriculture Total,Brunei Darussalam,Emissions (N2O),Manure Management,2010,gigagrams,0.0287,
Agriculture Total,Brunei Darussalam,Emissions (N2O),Synthetic Fertilizers,2010,gigagrams,0.0126,
Agriculture Total,Brunei Darussalam,Emissions (N2O),Manure applied to Soils,2010,gigagrams,0.0731,
Agriculture Total,Brunei Darussalam,Emissions (N2O),Manure left on Pasture,2010,gigagrams,0.1069,
Agriculture Total,Bulgaria,Emissions (N2O),Manure Management,2010,gigagrams,0.5383,
Agriculture Total,Bulgaria,Emissions (N2O),Synthetic Fertilizers,2010,gigagrams,5.6245,
Agriculture Total,Bulgaria,Emissions (N2O),Manure applied to Soils,2010,gigagrams,0.9086,
Agriculture Total,Bulgaria,Emissions (N2O),Manure left on Pasture,2010,gigagrams,0.8128,
Agriculture Total,Burkina Faso,Emissions (N2O),Manure Management,2010,gigagrams,1.1589,
Agriculture Total,Burkina Faso,Emissions (N2O),Synthetic Fertilizers,2010,gigagrams,0.8562,
Agriculture Total,Burkina Faso,Emissions (N2O),Manure applied to Soils,2010,gigagrams,1.1328,
Agriculture Total,Burkina Faso,Emissions (N2O),Manure left on Pasture,2010,gigagrams,20.2429,
Agriculture Total,Burundi,Emissions (N2O),Manure Management,2010,gigagrams,0.1217,
Agriculture Total,Burundi,Emissions (N2O),Synthetic Fertilizers,2010,gigagrams,0.0404,
Agriculture Total,Burundi,Emissions (N2O),Manure applied to Soils,2010,gigagrams,0.1134,
Agriculture Total,Burundi,Emissions (N2O),Manure left on Pasture,2010,gigagrams,1.7339,
Agriculture Total,Cabo Verde,Emissions (N2O),Manure Management,2010,gigagrams,0.1058,
Agriculture Total,Cabo Verde,Emissions (N2O),Manure applied to Soils,2010,gigagrams,0.0793,
Agriculture Total,Cabo Verde,Emissions (N2O),Manure left on Pasture,2010,gigagrams,0.1124,
Agriculture Total,Cambodia,Emissions (N2O),Manure Management,2010,gigagrams,2.9643,
Agriculture Total,Cambodia,Emissions (N2O),Synthetic Fertilizers,2010,gigagrams,0.4377,
Agriculture Total,Cambodia,Emissions (N2O),Manure applied to Soils,2010,gigagrams,1.4848,
Agriculture Total,Cambodia,Emissions (N2O),Manure left on Pasture,2010,gigagrams,3.522,
Agriculture Total,Cameroon,Emissions (N2O),Manure Management,2010,gigagrams,1.062,
Agriculture Total,Cameroon,Emissions (N2O),Synthetic Fertilizers,2010,gigagrams,0.5301,
Agriculture Total,Cameroon,Emissions (N2O),Manure applied to Soils,2010,gigagrams,0.9111,
Agriculture Total,Cameroon,Emissions (N2O),Manure left on Pasture,2010,gigagrams,10.5925,
Agriculture Total,Canada,Emissions (N2O),Manure Management,2010,gigagrams,5.8009,
Agriculture Total,Canada,Emissions (N2O),Synthetic Fertilizers,2010,gigagrams,42.7102,
Agriculture Total,Canada,Emissions (N2O),Manure applied to Soils,2010,gigagrams,5.3235,
Agriculture Total,Canada,Emissions (N2O),Manure left on Pasture,2010,gigagrams,16.8841,
Agriculture Total,Cayman Islands,Emissions (N2O),Manure Management,2010,gigagrams,0.0003,
Agriculture Total,Cayman Islands,Emissions (N2O),Manure applied to Soils,2010,gigagrams,0.0008,
Agriculture Total,Cayman Islands,Emissions (N2O),Manure left on Pasture,2010,gigagrams,0.0035,
Agriculture Total,Central African Republic,Emissions (N2O),Manure Management,2010,gigagrams,0.5477,
Agriculture Total,Central African Republic,Emissions (N2O),Synthetic Fertilizers,2010,gigagrams,0.0046,
Agriculture Total,Central African Republic,Emissions (N2O),Manure applied to Soils,2010,gigagrams,0.4738,
Agriculture Total,Central African Republic,Emissions (N2O),Manure left on Pasture,2010,gigagrams,7.6335,
Agriculture Total,Chad,Emissions (N2O),Manure Management,2010,gigagrams,0.1669,
Agriculture Total,Chad,Emissions (N2O),Manure applied to Soils,2010,gigagrams,0.305,
Agriculture Total,Chad,Emissions (N2O),Manure left on Pasture,2010,gigagrams,16.6915,
Agriculture Total,Chile,Emissions (N2O),Manure Management,2010,gigagrams,1.1704,
Agriculture Total,Chile,Emissions (N2O),Synthetic Fertilizers,2010,gigagrams,7.2551,
Agriculture Total,Chile,Emissions (N2O),Manure applied to Soils,2010,gigagrams,2.6228,
Agriculture Total,Chile,Emissions (N2O),Manure left on Pasture,2010,gigagrams,7.9012,
Agriculture Total,China,Emissions (N2O),Manure Management,2010,gigagrams,127.9615,
Agriculture Total,China,Emissions (N2O),Synthetic Fertilizers,2010,gigagrams,618.4884,
Agriculture Total,China,Emissions (N2O),Manure applied to Soils,2010,gigagrams,114.8719,
Agriculture Total,China,Emissions (N2O),Manure left on Pasture,2010,gigagrams,221.9623,
Agriculture Total,"China, Hong Kong SAR",Emissions (N2O),Manure Management,2010,gigagrams,0.0201,
Agriculture Total,"China, Hong Kong SAR",Emissions (N2O),Synthetic Fertilizers,2010,gigagrams,0.0322,
Agriculture Total,"China, Hong Kong SAR",Emissions (N2O),Manure applied to Soils,2010,gigagrams,0.0214,
Agriculture Total,"China, Hong Kong SAR",Emissions (N2O),Manure left on Pasture,2010,gigagrams,0.0143,
Agriculture Total,"China, Macao SAR",Emissions (N2O),Manure Management,2010,gigagrams,0.0012,
Agriculture Total,"China, Macao SAR",Emissions (N2O),Manure applied to Soils,2010,gigagrams,0.0033,
Agriculture Total,"China, Macao SAR",Emissions (N2O),Manure left on Pasture,2010,gigagrams,0.0046,
Agriculture Total,"China, mainland",Emissions (N2O),Manure Management,2010,gigagrams,127.072,
Agriculture Total,"China, mainland",Emissions (N2O),Synthetic Fertilizers,2010,gigagrams,614.8948,
Agriculture Total,"China, mainland",Emissions (N2O),Manure applied to Soils,2010,gigagrams,113.7157,
Agriculture Total,"China, mainland",Emissions (N2O),Manure left on Pasture,2010,gigagrams,220.9262,
Agriculture Total,"China, Taiwan Province of",Emissions (N2O),Manure Management,2010,gigagrams,0.8681,
Agriculture Total,"China, Taiwan Province of",Emissions (N2O),Synthetic Fertilizers,2010,gigagrams,3.5614,
Agriculture Total,"China, Taiwan Province of",Emissions (N2O),Manure applied to Soils,2010,gigagrams,1.1316,
Agriculture Total,"China, Taiwan Province of",Emissions (N2O),Manure left on Pasture,2010,gigagrams,1.0172,
Agriculture Total,Colombia,Emissions (N2O),Manure Management,2010,gigagrams,2.1727,
Agriculture Total,Colombia,Emissions (N2O),Synthetic Fertilizers,2010,gigagrams,11.2172,
Agriculture Total,Colombia,Emissions (N2O),Manure applied to Soils,2010,gigagrams,6.9346,
Agriculture Total,Colombia,Emissions (N2O),Manure left on Pasture,2010,gigagrams,42.2818,
Agriculture Total,Comoros,Emissions (N2O),Manure Management,2010,gigagrams,0.0014,
Agriculture Total,Comoros,Emissions (N2O),Manure applied to Soils,2010,gigagrams,0.0037,
Agriculture Total,Comoros,Emissions (N2O),Manure left on Pasture,2010,gigagrams,0.1338,
Agriculture Total,Congo,Emissions (N2O),Manure Management,2010,gigagrams,0.0457,
Agriculture Total,Congo,Emissions (N2O),Synthetic Fertilizers,2010,gigagrams,0.0023,
Agriculture Total,Congo,Emissions (N2O),Manure applied to Soils,2010,gigagrams,0.04,
Agriculture Total,Congo,Emissions (N2O),Manure left on Pasture,2010,gigagrams,0.6541,
Agriculture Total,Cook Islands,Emissions (N2O),Manure Management,2010,gigagrams,0.0038,
Agriculture Total,Cook Islands,Emissions (N2O),Synthetic Fertilizers,2010,gigagrams,0.0001,
Agriculture Total,Cook Islands,Emissions (N2O),Manure applied to Soils,2010,gigagrams,0.0046,
Agriculture Total,Cook Islands,Emissions (N2O),Manure left on Pasture,2010,gigagrams,0.0008,
Agriculture Total,Costa Rica,Emissions (N2O),Manure Management,2010,gigagrams,0.1991,
Agriculture Total,Costa Rica,Emissions (N2O),Synthetic Fertilizers,2010,gigagrams,1.2744,
Agriculture Total,Costa Rica,Emissions (N2O),Manure applied to Soils,2010,gigagrams,0.6429,
Agriculture Total,Costa Rica,Emissions (N2O),Manure left on Pasture,2010,gigagrams,2.0369,
Agriculture Total,C么te d'Ivoire,Emissions (N2O),Manure Management,2010,gigagrams,0.2126,
Agriculture Total,C么te d'Ivoire,Emissions (N2O),Synthetic Fertilizers,2010,gigagrams,0.5564,
Agriculture Total,C么te d'Ivoire,Emissions (N2O),Manure applied to Soils,2010,gigagrams,0.2472,
Agriculture Total,C么te d'Ivoire,Emissions (N2O),Manure left on Pasture,2010,gigagrams,3.8557,
Agriculture Total,Croatia,Emissions (N2O),Manure Management,2010,gigagrams,0.4543,
Agriculture Total,Croatia,Emissions (N2O),Synthetic Fertilizers,2010,gigagrams,2.4444,
Agriculture Total,Croatia,Emissions (N2O),Manure applied to Soils,2010,gigagrams,0.7266,
Agriculture Total,Croatia,Emissions (N2O),Manure left on Pasture,2010,gigagrams,0.5401,
Agriculture Total,Cuba,Emissions (N2O),Manure Management,2010,gigagrams,0.5453,
Agriculture Total,Cuba,Emissions (N2O),Synthetic Fertilizers,2010,gigagrams,0.9611,
Agriculture Total,Cuba,Emissions (N2O),Manure applied to Soils,2010,gigagrams,1.0378,
Agriculture Total,Cuba,Emissions (N2O),Manure left on Pasture,2010,gigagrams,7.5098,
Agriculture Total,Cyprus,Emissions (N2O),Manure Management,2010,gigagrams,0.1788,
Agriculture Total,Cyprus,Emissions (N2O),Synthetic Fertilizers,2010,gigagrams,0.1757,
Agriculture Total,Cyprus,Emissions (N2O),Manure applied to Soils,2010,gigagrams,0.1503,
Agriculture Total,Cyprus,Emissions (N2O),Manure left on Pasture,2010,gigagrams,0.3358,
Agriculture Total,Czechia,Emissions (N2O),Manure Management,2010,gigagrams,1.0548,
Agriculture Total,Czechia,Emissions (N2O),Synthetic Fertilizers,2010,gigagrams,4.967,
Agriculture Total,Czechia,Emissions (N2O),Manure applied to Soils,2010,gigagrams,1.6113,
Agriculture Total,Czechia,Emissions (N2O),Manure left on Pasture,2010,gigagrams,0.6407,
Agriculture Total,Democratic People's Republic of Korea,Emissions (N2O),Manure Management,2010,gigagrams,0.6623,
Agriculture Total,Democratic People's Republic of Korea,Emissions (N2O),Manure applied to Soils,2010,gigagrams,0.5695,
Agriculture Total,Democratic People's Republic of Korea,Emissions (N2O),Manure left on Pasture,2010,gigagrams,1.8786,
Agriculture Total,Democratic Republic of the Congo,Emissions (N2O),Manure Management,2010,gigagrams,0.459,
Agriculture Total,Democratic Republic of the Congo,Emissions (N2O),Synthetic Fertilizers,2010,gigagrams,0.0974,
Agriculture Total,Democratic Republic of the Congo,Emissions (N2O),Manure applied to Soils,2010,gigagrams,0.3861,
Agriculture Total,Democratic Republic of the Congo,Emissions (N2O),Manure left on Pasture,2010,gigagrams,2.9269,
Agriculture Total,Denmark,Emissions (N2O),Manure Management,2010,gigagrams,2.2531,
Agriculture Total,Denmark,Emissions (N2O),Synthetic Fertilizers,2010,gigagrams,3.75,
Agriculture Total,Denmark,Emissions (N2O),Manure applied to Soils,2010,gigagrams,3.8149,
Agriculture Total,Denmark,Emissions (N2O),Manure left on Pasture,2010,gigagrams,1.1728,
Agriculture Total,Djibouti,Emissions (N2O),Manure Management,2010,gigagrams,0.0071,
Agriculture Total,Djibouti,Emissions (N2O),Manure applied to Soils,2010,gigagrams,0.0139,
Agriculture Total,Djibouti,Emissions (N2O),Manure left on Pasture,2010,gigagrams,0.8017,
Agriculture Total,Dominica,Emissions (N2O),Manure Management,2010,gigagrams,0.0023,
Agriculture Total,Dominica,Emissions (N2O),Synthetic Fertilizers,2010,gigagrams,0.0024,
Agriculture Total,Dominica,Emissions (N2O),Manure applied to Soils,2010,gigagrams,0.0088,
Agriculture Total,Dominica,Emissions (N2O),Manure left on Pasture,2010,gigagrams,0.0226,
Agriculture Total,Dominican Republic,Emissions (N2O),Manure Management,2010,gigagrams,0.5159,
Agriculture Total,Dominican Republic,Emissions (N2O),Synthetic Fertilizers,2010,gigagrams,1.1257,
Agriculture Total,Dominican Republic,Emissions (N2O),Manure applied to Soils,2010,gigagrams,1.3525,
Agriculture Total,Dominican Republic,Emissions (N2O),Manure left on Pasture,2010,gigagrams,5.8372,
Agriculture Total,Ecuador,Emissions (N2O),Manure Management,2010,gigagrams,0.8129,
Agriculture Total,Ecuador,Emissions (N2O),Synthetic Fertilizers,2010,gigagrams,3.3126,
Agriculture Total,Ecuador,Emissions (N2O),Manure applied to Soils,2010,gigagrams,2.2369,
Agriculture Total,Ecuador,Emissions (N2O),Manure left on Pasture,2010,gigagrams,9.1446,
Agriculture Total,Egypt,Emissions (N2O),Manure Management,2010,gigagrams,0.3316,
Agriculture Total,Egypt,Emissions (N2O),Synthetic Fertilizers,2010,gigagrams,29.546,
Agriculture Total,Egypt,Emissions (N2O),Manure applied to Soils,2010,gigagrams,0.6255,
Agriculture Total,Egypt,Emissions (N2O),Manure left on Pasture,2010,gigagrams,19.1778,
Agriculture Total,El Salvador,Emissions (N2O),Manure Management,2010,gigagrams,0.1666,
Agriculture Total,El Salvador,Emissions (N2O),Synthetic Fertilizers,2010,gigagrams,1.534,
Agriculture Total,El Salvador,Emissions (N2O),Manure applied to Soils,2010,gigagrams,0.4041,
Agriculture Total,El Salvador,Emissions (N2O),Manure left on Pasture,2010,gigagrams,1.9643,
Agriculture Total,Equatorial Guinea,Emissions (N2O),Manure Management,2010,gigagrams,0.0033,
Agriculture Total,Equatorial Guinea,Emissions (N2O),Manure applied to Soils,2010,gigagrams,0.0031,
Agriculture Total,Equatorial Guinea,Emissions (N2O),Manure left on Pasture,2010,gigagrams,0.0262,
Agriculture Total,Eritrea,Emissions (N2O),Manure Management,2010,gigagrams,0.0473,
Agriculture Total,Eritrea,Emissions (N2O),Synthetic Fertilizers,2010,gigagrams,0.0058,
Agriculture Total,Eritrea,Emissions (N2O),Manure applied to Soils,2010,gigagrams,0.1011,
Agriculture Total,Eritrea,Emissions (N2O),Manure left on Pasture,2010,gigagrams,4.6907,
Agriculture Total,Estonia,Emissions (N2O),Manure Management,2010,gigagrams,0.1962,
Agriculture Total,Estonia,Emissions (N2O),Synthetic Fertilizers,2010,gigagrams,0.5961,
Agriculture Total,Estonia,Emissions (N2O),Manure applied to Soils,2010,gigagrams,0.2853,
Agriculture Total,Estonia,Emissions (N2O),Manure left on Pasture,2010,gigagrams,0.1913,
Agriculture Total,Eswatini,Emissions (N2O),Manure Management,2010,gigagrams,0.0275,
Agriculture Total,Eswatini,Emissions (N2O),Manure applied to Soils,2010,gigagrams,0.0405,
Agriculture Total,Eswatini,Emissions (N2O),Manure left on Pasture,2010,gigagrams,1.1258,
Agriculture Total,Ethiopia,Emissions (N2O),Manure Management,2010,gigagrams,1.1093,
Agriculture Total,Ethiopia,Emissions (N2O),Synthetic Fertilizers,2010,gigagrams,3.2511,
Agriculture Total,Ethiopia,Emissions (N2O),Manure applied to Soils,2010,gigagrams,2.345,
Agriculture Total,Ethiopia,Emissions (N2O),Manure left on Pasture,2010,gigagrams,104.3637,
Agriculture Total,Falkland Islands (Malvinas),Emissions (N2O),Manure Management,2010,gigagrams,0.0001,
Agriculture Total,Falkland Islands (Malvinas),Emissions (N2O),Manure applied to Soils,2010,gigagrams,0.0014,
Agriculture Total,Falkland Islands (Malvinas),Emissions (N2O),Manure left on Pasture,2010,gigagrams,0.1941,
Agriculture Total,Faroe Islands,Emissions (N2O),Manure Management,2010,gigagrams,0.0025,
Agriculture Total,Faroe Islands,Emissions (N2O),Manure applied to Soils,2010,gigagrams,0.0045,
Agriculture Total,Faroe Islands,Emissions (N2O),Manure left on Pasture,2010,gigagrams,0.0213,
Agriculture Total,Fiji,Emissions (N2O),Manure Management,2010,gigagrams,0.0895,
Agriculture Total,Fiji,Emissions (N2O),Synthetic Fertilizers,2010,gigagrams,0.0507,
Agriculture Total,Fiji,Emissions (N2O),Manure applied to Soils,2010,gigagrams,0.0899,
Agriculture Total,Fiji,Emissions (N2O),Manure left on Pasture,2010,gigagrams,0.7721,
Agriculture Total,Finland,Emissions (N2O),Manure Management,2010,gigagrams,0.7059,
Agriculture Total,Finland,Emissions (N2O),Synthetic Fertilizers,2010,gigagrams,4.3926,
Agriculture Total,Finland,Emissions (N2O),Manure applied to Soils,2010,gigagrams,1.0448,
Agriculture Total,Finland,Emissions (N2O),Manure left on Pasture,2010,gigagrams,0.7227,
Agriculture Total,France,Emissions (N2O),Manure Management,2010,gigagrams,12.9605,
Agriculture Total,France,Emissions (N2O),Synthetic Fertilizers,2010,gigagrams,42.5382,
Agriculture Total,France,Emissions (N2O),Manure applied to Soils,2010,gigagrams,20.3326,
Agriculture Total,France,Emissions (N2O),Manure left on Pasture,2010,gigagrams,16.1059,
Agriculture Total,French Guiana,Emissions (N2O),Manure Management,2010,gigagrams,0.0019,
Agriculture Total,French Guiana,Emissions (N2O),Manure applied to Soils,2010,gigagrams,0.0033,
Agriculture Total,French Guiana,Emissions (N2O),Manure left on Pasture,2010,gigagrams,0.0256,
Agriculture Total,French Polynesia,Emissions (N2O),Manure Management,2010,gigagrams,0.0062,
Agriculture Total,French Polynesia,Emissions (N2O),Synthetic Fertilizers,2010,gigagrams,0.0075,
Agriculture Total,French Polynesia,Emissions (N2O),Manure applied to Soils,2010,gigagrams,0.0083,
Agriculture Total,French Polynesia,Emissions (N2O),Manure left on Pasture,2010,gigagrams,0.0227,
Agriculture Total,Gabon,Emissions (N2O),Manure Management,2010,gigagrams,0.0975,
Agriculture Total,Gabon,Emissions (N2O),Synthetic Fertilizers,2010,gigagrams,0.0123,
Agriculture Total,Gabon,Emissions (N2O),Manure applied to Soils,2010,gigagrams,0.0764,
Agriculture Total,Gabon,Emissions (N2O),Manure left on Pasture,2010,gigagrams,0.1798,
Agriculture Total,Gambia,Emissions (N2O),Manure Management,2010,gigagrams,0.0214,
Agriculture Total,Gambia,Emissions (N2O),Synthetic Fertilizers,2010,gigagrams,0.0372,
Agriculture Total,Gambia,Emissions (N2O),Manure applied to Soils,2010,gigagrams,0.0265,
Agriculture Total,Gambia,Emissions (N2O),Manure left on Pasture,2010,gigagrams,0.8959,
Agriculture Total,Georgia,Emissions (N2O),Manure Management,2010,gigagrams,0.0887,
Agriculture Total,Georgia,Emissions (N2O),Synthetic Fertilizers,2010,gigagrams,0.2689,
Agriculture Total,Georgia,Emissions (N2O),Manure applied to Soils,2010,gigagrams,0.1257,
Agriculture Total,Georgia,Emissions (N2O),Manure left on Pasture,2010,gigagrams,2.4568,
Agriculture Total,Germany,Emissions (N2O),Manure Management,2010,gigagrams,10.8166,
Agriculture Total,Germany,Emissions (N2O),Synthetic Fertilizers,2010,gigagrams,37.1972,
Agriculture Total,Germany,Emissions (N2O),Manure applied to Soils,2010,gigagrams,16.5985,
Agriculture Total,Germany,Emissions (N2O),Manure left on Pasture,2010,gigagrams,9.7544,
Agriculture Total,Ghana,Emissions (N2O),Manure Management,2010,gigagrams,0.3081,
Agriculture Total,Ghana,Emissions (N2O),Synthetic Fertilizers,2010,gigagrams,0.5171,
Agriculture Total,Ghana,Emissions (N2O),Manure applied to Soils,2010,gigagrams,0.3542,
Agriculture Total,Ghana,Emissions (N2O),Manure left on Pasture,2010,gigagrams,5.4934,
Agriculture Total,Greece,Emissions (N2O),Manure Management,2010,gigagrams,0.7821,
Agriculture Total,Greece,Emissions (N2O),Synthetic Fertilizers,2010,gigagrams,3.6882,
Agriculture Total,Greece,Emissions (N2O),Manure applied to Soils,2010,gigagrams,1.4288,
Agriculture Total,Greece,Emissions (N2O),Manure left on Pasture,2010,gigagrams,5.1335,
Agriculture Total,Greenland,Emissions (N2O),Manure Management,2010,gigagrams,0.0002,
Agriculture Total,Greenland,Emissions (N2O),Manure applied to Soils,2010,gigagrams,0.0004,
Agriculture Total,Greenland,Emissions (N2O),Manure left on Pasture,2010,gigagrams,0.0031,
Agriculture Total,Grenada,Emissions (N2O),Manure Management,2010,gigagrams,0.0015,
Agriculture Total,Grenada,Emissions (N2O),Manure applied to Soils,2010,gigagrams,0.0031,
Agriculture Total,Grenada,Emissions (N2O),Manure left on Pasture,2010,gigagrams,0.0146,
Agriculture Total,Guadeloupe,Emissions (N2O),Manure Management,2010,gigagrams,0.0056,
Agriculture Total,Guadeloupe,Emissions (N2O),Manure applied to Soils,2010,gigagrams,0.0082,
Agriculture Total,Guadeloupe,Emissions (N2O),Manure left on Pasture,2010,gigagrams,0.1228,
Agriculture Total,Guam,Emissions (N2O),Manure Management,2010,gigagrams,0.0013,
Agriculture Total,Guam,Emissions (N2O),Manure applied to Soils,2010,gigagrams,0.0026,
Agriculture Total,Guam,Emissions (N2O),Manure left on Pasture,2010,gigagrams,0.0008,
Agriculture Total,Guatemala,Emissions (N2O),Manure Management,2010,gigagrams,0.8803,
Agriculture Total,Guatemala,Emissions (N2O),Synthetic Fertilizers,2010,gigagrams,2.9595,
Agriculture Total,Guatemala,Emissions (N2O),Manure applied to Soils,2010,gigagrams,1.5586,
Agriculture Total,Guatemala,Emissions (N2O),Manure left on Pasture,2010,gigagrams,5.2859,
Agriculture Total,Guinea,Emissions (N2O),Manure Management,2010,gigagrams,0.1401,
Agriculture Total,Guinea,Emissions (N2O),Synthetic Fertilizers,2010,gigagrams,0.0526,
Agriculture Total,Guinea,Emissions (N2O),Manure applied to Soils,2010,gigagrams,0.2191,
Agriculture Total,Guinea,Emissions (N2O),Manure left on Pasture,2010,gigagrams,8.9165,
Agriculture Total,Guinea-Bissau,Emissions (N2O),Manure Management,2010,gigagrams,0.1869,
Agriculture Total,Guinea-Bissau,Emissions (N2O),Manure applied to Soils,2010,gigagrams,0.154,
Agriculture Total,Guinea-Bissau,Emissions (N2O),Manure left on Pasture,2010,gigagrams,1.3626,
Agriculture Total,Guyana,Emissions (N2O),Manure Management,2010,gigagrams,0.0396,
Agriculture Total,Guyana,Emissions (N2O),Synthetic Fertilizers,2010,gigagrams,0.2943,
Agriculture Total,Guyana,Emissions (N2O),Manure applied to Soils,2010,gigagrams,0.1202,
Agriculture Total,Guyana,Emissions (N2O),Manure left on Pasture,2010,gigagrams,0.3479,
Agriculture Total,Haiti,Emissions (N2O),Manure Management,2010,gigagrams,0.3116,
Agriculture Total,Haiti,Emissions (N2O),Manure applied to Soils,2010,gigagrams,0.5138,
Agriculture Total,Haiti,Emissions (N2O),Manure left on Pasture,2010,gigagrams,3.3981,
Agriculture Total,Honduras,Emissions (N2O),Manure Management,2010,gigagrams,0.2501,
Agriculture Total,Honduras,Emissions (N2O),Synthetic Fertilizers,2010,gigagrams,1.0483,
Agriculture Total,Honduras,Emissions (N2O),Manure applied to Soils,2010,gigagrams,0.8148,
Agriculture Total,Honduras,Emissions (N2O),Manure left on Pasture,2010,gigagrams,4.2465,
Agriculture Total,Hungary,Emissions (N2O),Manure Management,2010,gigagrams,1.0319,
Agriculture Total,Hungary,Emissions (N2O),Synthetic Fertilizers,2010,gigagrams,5.6753,
Agriculture Total,Hungary,Emissions (N2O),Manure applied to Soils,2010,gigagrams,1.7721,
Agriculture Total,Hungary,Emissions (N2O),Manure left on Pasture,2010,gigagrams,0.6992,
Agriculture Total,Iceland,Emissions (N2O),Manure Management,2010,gigagrams,0.0605,
Agriculture Total,Iceland,Emissions (N2O),Synthetic Fertilizers,2010,gigagrams,0.158,
Agriculture Total,Iceland,Emissions (N2O),Manure applied to Soils,2010,gigagrams,0.0927,
Agriculture Total,Iceland,Emissions (N2O),Manure left on Pasture,2010,gigagrams,0.2506,
Agriculture Total,India,Emissions (N2O),Manure Management,2010,gigagrams,13.1808,
Agriculture Total,India,Emissions (N2O),Synthetic Fertilizers,2010,gigagrams,342.5261,
Agriculture Total,India,Emissions (N2O),Manure applied to Soils,2010,gigagrams,48.9614,
Agriculture Total,India,Emissions (N2O),Manure left on Pasture,2010,gigagrams,209.4601,
Agriculture Total,Indonesia,Emissions (N2O),Manure Management,2010,gigagrams,13.498,
Agriculture Total,Indonesia,Emissions (N2O),Synthetic Fertilizers,2010,gigagrams,57.9788,
Agriculture Total,Indonesia,Emissions (N2O),Manure applied to Soils,2010,gigagrams,12.477,
Agriculture Total,Indonesia,Emissions (N2O),Manure left on Pasture,2010,gigagrams,29.6629,
Agriculture Total,Iran (Islamic Republic of),Emissions (N2O),Manure Management,2010,gigagrams,2.4994,
Agriculture Total,Iran (Islamic Republic of),Emissions (N2O),Synthetic Fertilizers,2010,gigagrams,19.6493,
Agriculture Total,Iran (Islamic Republic of),Emissions (N2O),Manure applied to Soils,2010,gigagrams,7.5253,
Agriculture Total,Iran (Islamic Republic of),Emissions (N2O),Manure left on Pasture,2010,gigagrams,28.1563,
Agriculture Total,Iraq,Emissions (N2O),Manure Management,2010,gigagrams,0.1184,
Agriculture Total,Iraq,Emissions (N2O),Synthetic Fertilizers,2010,gigagrams,2.2483,
Agriculture Total,Iraq,Emissions (N2O),Manure applied to Soils,2010,gigagrams,0.3328,
Agriculture Total,Iraq,Emissions (N2O),Manure left on Pasture,2010,gigagrams,8.1007,
Agriculture Total,Ireland,Emissions (N2O),Manure Management,2010,gigagrams,3.6346,
Agriculture Total,Ireland,Emissions (N2O),Synthetic Fertilizers,2010,gigagrams,6.5306,
Agriculture Total,Ireland,Emissions (N2O),Manure applied to Soils,2010,gigagrams,5.2271,
Agriculture Total,Ireland,Emissions (N2O),Manure left on Pasture,2010,gigagrams,5.7587,
Agriculture Total,Israel,Emissions (N2O),Manure Management,2010,gigagrams,0.1503,
Agriculture Total,Israel,Emissions (N2O),Synthetic Fertilizers,2010,gigagrams,0.6288,
Agriculture Total,Israel,Emissions (N2O),Manure applied to Soils,2010,gigagrams,0.2461,
Agriculture Total,Israel,Emissions (N2O),Manure left on Pasture,2010,gigagrams,1.6168,
Agriculture Total,Italy,Emissions (N2O),Manure Management,2010,gigagrams,5.9767,
Agriculture Total,Italy,Emissions (N2O),Synthetic Fertilizers,2010,gigagrams,10.3817,
Agriculture Total,Italy,Emissions (N2O),Manure applied to Soils,2010,gigagrams,9.4093,
Agriculture Total,Italy,Emissions (N2O),Manure left on Pasture,2010,gigagrams,7.2107,
Agriculture Total,Jamaica,Emissions (N2O),Manure Management,2010,gigagrams,0.08,
Agriculture Total,Jamaica,Emissions (N2O),Synthetic Fertilizers,2010,gigagrams,0.1005,
Agriculture Total,Jamaica,Emissions (N2O),Manure applied to Soils,2010,gigagrams,0.1402,
Agriculture Total,Jamaica,Emissions (N2O),Manure left on Pasture,2010,gigagrams,0.5136,
Agriculture Total,Japan,Emissions (N2O),Manure Management,2010,gigagrams,4.0432,
Agriculture Total,Japan,Emissions (N2O),Synthetic Fertilizers,2010,gigagrams,9.3586,
Agriculture Total,Japan,Emissions (N2O),Manure applied to Soils,2010,gigagrams,3.8365,
Agriculture Total,Japan,Emissions (N2O),Manure left on Pasture,2010,gigagrams,5.336,
Agriculture Total,Jordan,Emissions (N2O),Manure Management,2010,gigagrams,0.0268,
Agriculture Total,Jordan,Emissions (N2O),Synthetic Fertilizers,2010,gigagrams,0.329,
Agriculture Total,Jordan,Emissions (N2O),Manure applied to Soils,2010,gigagrams,0.0747,
Agriculture Total,Jordan,Emissions (N2O),Manure left on Pasture,2010,gigagrams,1.2848,
Agriculture Total,Kazakhstan,Emissions (N2O),Manure Management,2010,gigagrams,3.7623,
Agriculture Total,Kazakhstan,Emissions (N2O),Synthetic Fertilizers,2010,gigagrams,0.8475,
Agriculture Total,Kazakhstan,Emissions (N2O),Manure applied to Soils,2010,gigagrams,3.5813,
Agriculture Total,Kazakhstan,Emissions (N2O),Manure left on Pasture,2010,gigagrams,9.8764,
Agriculture Total,Kenya,Emissions (N2O),Manure Management,2010,gigagrams,0.6089,
Agriculture Total,Kenya,Emissions (N2O),Synthetic Fertilizers,2010,gigagrams,1.4739,
Agriculture Total,Kenya,Emissions (N2O),Manure applied to Soils,2010,gigagrams,1.2634,
Agriculture Total,Kenya,Emissions (N2O),Manure left on Pasture,2010,gigagrams,45.5924,
Agriculture Total,Kiribati,Emissions (N2O),Manure Management,2010,gigagrams,0.0033,
Agriculture Total,Kiribati,Emissions (N2O),Manure applied to Soils,2010,gigagrams,0.0069,
Agriculture Total,Kiribati,Emissions (N2O),Manure left on Pasture,2010,gigagrams,0.0003,
Agriculture Total,Kuwait,Emissions (N2O),Manure Management,2010,gigagrams,0.0289,
Agriculture Total,Kuwait,Emissions (N2O),Synthetic Fertilizers,2010,gigagrams,0,
Agriculture Total,Kuwait,Emissions (N2O),Manure applied to Soils,2010,gigagrams,0.0815,
Agriculture Total,Kuwait,Emissions (N2O),Manure left on Pasture,2010,gigagrams,0.5905,
Agriculture Total,Kyrgyzstan,Emissions (N2O),Manure Management,2010,gigagrams,0.7476,
Agriculture Total,Kyrgyzstan,Emissions (N2O),Synthetic Fertilizers,2010,gigagrams,0.5354,
Agriculture Total,Kyrgyzstan,Emissions (N2O),Manure applied to Soils,2010,gigagrams,0.8545,
Agriculture Total,Kyrgyzstan,Emissions (N2O),Manure left on Pasture,2010,gigagrams,2.4553,
Agriculture Total,Lao People's Democratic Republic,Emissions (N2O),Manure Management,2010,gigagrams,2.0552,
Agriculture Total,Lao People's Democratic Republic,Emissions (N2O),Manure applied to Soils,2010,gigagrams,1.0977,
Agriculture Total,Lao People's Democratic Republic,Emissions (N2O),Manure left on Pasture,2010,gigagrams,2.5302,
Agriculture Total,Latvia,Emissions (N2O),Manure Management,2010,gigagrams,0.31,
Agriculture Total,Latvia,Emissions (N2O),Synthetic Fertilizers,2010,gigagrams,1.221,
Agriculture Total,Latvia,Emissions (N2O),Manure applied to Soils,2010,gigagrams,0.4481,
Agriculture Total,Latvia,Emissions (N2O),Manure left on Pasture,2010,gigagrams,0.3011,
Agriculture Total,Lebanon,Emissions (N2O),Manure Management,2010,gigagrams,0.0467,
Agriculture Total,Lebanon,Emissions (N2O),Synthetic Fertilizers,2010,gigagrams,0.3666,
Agriculture Total,Lebanon,Emissions (N2O),Manure applied to Soils,2010,gigagrams,0.1253,
Agriculture Total,Lebanon,Emissions (N2O),Manure left on Pasture,2010,gigagrams,0.8596,
Agriculture Total,Lesotho,Emissions (N2O),Manure Management,2010,gigagrams,0.0536,
Agriculture Total,Lesotho,Emissions (N2O),Manure applied to Soils,2010,gigagrams,0.0626,
Agriculture Total,Lesotho,Emissions (N2O),Manure left on Pasture,2010,gigagrams,1.7256,
Agriculture Total,Liberia,Emissions (N2O),Manure Management,2010,gigagrams,0.1226,
Agriculture Total,Liberia,Emissions (N2O),Manure applied to Soils,2010,gigagrams,0.1012,
Agriculture Total,Liberia,Emissions (N2O),Manure left on Pasture,2010,gigagrams,0.3325,
Agriculture Total,Libya,Emissions (N2O),Manure Management,2010,gigagrams,0.0527,
Agriculture Total,Libya,Emissions (N2O),Synthetic Fertilizers,2010,gigagrams,0.6663,
Agriculture Total,Libya,Emissions (N2O),Manure applied to Soils,2010,gigagrams,0.131,
Agriculture Total,Libya,Emissions (N2O),Manure left on Pasture,2010,gigagrams,3.6291,
Agriculture Total,Liechtenstein,Emissions (N2O),Manure Management,2010,gigagrams,0.0042,
Agriculture Total,Liechtenstein,Emissions (N2O),Manure applied to Soils,2010,gigagrams,0.0057,
Agriculture Total,Liechtenstein,Emissions (N2O),Manure left on Pasture,2010,gigagrams,0.0057,
Agriculture Total,Lithuania,Emissions (N2O),Manure Management,2010,gigagrams,0.6502,
Agriculture Total,Lithuania,Emissions (N2O),Synthetic Fertilizers,2010,gigagrams,2.2282,
Agriculture Total,Lithuania,Emissions (N2O),Manure applied to Soils,2010,gigagrams,0.9417,
Agriculture Total,Lithuania,Emissions (N2O),Manure left on Pasture,2010,gigagrams,0.596,
Agriculture Total,Luxembourg,Emissions (N2O),Manure Management,2010,gigagrams,0.1166,
Agriculture Total,Luxembourg,Emissions (N2O),Synthetic Fertilizers,2010,gigagrams,0.2866,
Agriculture Total,Luxembourg,Emissions (N2O),Manure applied to Soils,2010,gigagrams,0.1617,
Agriculture Total,Luxembourg,Emissions (N2O),Manure left on Pasture,2010,gigagrams,0.1392,
Agriculture Total,Madagascar,Emissions (N2O),Manure Management,2010,gigagrams,0.8322,
Agriculture Total,Madagascar,Emissions (N2O),Synthetic Fertilizers,2010,gigagrams,0.0953,
Agriculture Total,Madagascar,Emissions (N2O),Manure applied to Soils,2010,gigagrams,0.8717,
Agriculture Total,Madagascar,Emissions (N2O),Manure left on Pasture,2010,gigagrams,16.6109,
Agriculture Total,Malawi,Emissions (N2O),Manure Management,2010,gigagrams,0.8485,
Agriculture Total,Malawi,Emissions (N2O),Synthetic Fertilizers,2010,gigagrams,2.01,
Agriculture Total,Malawi,Emissions (N2O),Manure applied to Soils,2010,gigagrams,0.6709,
Agriculture Total,Malawi,Emissions (N2O),Manure left on Pasture,2010,gigagrams,3.1723,
Agriculture Total,Malaysia,Emissions (N2O),Manure Management,2010,gigagrams,1.205,
Agriculture Total,Malaysia,Emissions (N2O),Synthetic Fertilizers,2010,gigagrams,13.7598,
Agriculture Total,Malaysia,Emissions (N2O),Manure applied to Soils,2010,gigagrams,1.6764,
Agriculture Total,Malaysia,Emissions (N2O),Manure left on Pasture,2010,gigagrams,2.5976,
Agriculture Total,Maldives,Emissions (N2O),Synthetic Fertilizers,2010,gigagrams,0.0026,
Agriculture Total,Mali,Emissions (N2O),Manure Management,2010,gigagrams,0.2825,
Agriculture Total,Mali,Emissions (N2O),Synthetic Fertilizers,2010,gigagrams,1.6218,
Agriculture Total,Mali,Emissions (N2O),Manure applied to Soils,2010,gigagrams,0.6565,
Agriculture Total,Mali,Emissions (N2O),Manure left on Pasture,2010,gigagrams,24.5099,
Agriculture Total,Malta,Emissions (N2O),Manure Management,2010,gigagrams,0.0203,
Agriculture Total,Malta,Emissions (N2O),Synthetic Fertilizers,2010,gigagrams,0.0085,
Agriculture Total,Malta,Emissions (N2O),Manure applied to Soils,2010,gigagrams,0.0361,
Agriculture Total,Malta,Emissions (N2O),Manure left on Pasture,2010,gigagrams,0.0174,
Agriculture Total,Marshall Islands,Emissions (N2O),Synthetic Fertilizers,2010,gigagrams,0,
Agriculture Total,Martinique,Emissions (N2O),Manure Management,2010,gigagrams,0.0041,
Agriculture Total,Martinique,Emissions (N2O),Manure applied to Soils,2010,gigagrams,0.0065,
Agriculture Total,Martinique,Emissions (N2O),Manure left on Pasture,2010,gigagrams,0.0364,
Agriculture Total,Mauritania,Emissions (N2O),Manure Management,2010,gigagrams,0.0738,
Agriculture Total,Mauritania,Emissions (N2O),Manure applied to Soils,2010,gigagrams,0.179,
Agriculture Total,Mauritania,Emissions (N2O),Manure left on Pasture,2010,gigagrams,8.2712,
Agriculture Total,Mauritius,Emissions (N2O),Manure Management,2010,gigagrams,0.018,
Agriculture Total,Mauritius,Emissions (N2O),Synthetic Fertilizers,2010,gigagrams,0.1067,
Agriculture Total,Mauritius,Emissions (N2O),Manure applied to Soils,2010,gigagrams,0.0305,
Agriculture Total,Mauritius,Emissions (N2O),Manure left on Pasture,2010,gigagrams,0.1881,
Agriculture Total,Mexico,Emissions (N2O),Manure Management,2010,gigagrams,5.6435,
Agriculture Total,Mexico,Emissions (N2O),Synthetic Fertilizers,2010,gigagrams,22.3758,
Agriculture Total,Mexico,Emissions (N2O),Manure applied to Soils,2010,gigagrams,10.0049,
Agriculture Total,Mexico,Emissions (N2O),Manure left on Pasture,2010,gigagrams,65.684,
Agriculture Total,Micronesia (Federated States of),Emissions (N2O),Manure Management,2010,gigagrams,0.0072,
Agriculture Total,Micronesia (Federated States of),Emissions (N2O),Manure applied to Soils,2010,gigagrams,0.0078,
Agriculture Total,Micronesia (Federated States of),Emissions (N2O),Manure left on Pasture,2010,gigagrams,0.0337,
Agriculture Total,Mongolia,Emissions (N2O),Manure Management,2010,gigagrams,1.6284,
Agriculture Total,Mongolia,Emissions (N2O),Synthetic Fertilizers,2010,gigagrams,0.2296,
Agriculture Total,Mongolia,Emissions (N2O),Manure applied to Soils,2010,gigagrams,1.7617,
Agriculture Total,Mongolia,Emissions (N2O),Manure left on Pasture,2010,gigagrams,11.05,
Agriculture Total,Montenegro,Emissions (N2O),Manure Management,2010,gigagrams,0.09,
Agriculture Total,Montenegro,Emissions (N2O),Synthetic Fertilizers,2010,gigagrams,0.0283,
Agriculture Total,Montenegro,Emissions (N2O),Manure applied to Soils,2010,gigagrams,0.119,
Agriculture Total,Montenegro,Emissions (N2O),Manure left on Pasture,2010,gigagrams,0.1366,
Agriculture Total,Montserrat,Emissions (N2O),Manure Management,2010,gigagrams,0.0006,
Agriculture Total,Montserrat,Emissions (N2O),Manure applied to Soils,2010,gigagrams,0.0026,
Agriculture Total,Montserrat,Emissions (N2O),Manure left on Pasture,2010,gigagrams,0.0175,
Agriculture Total,Morocco,Emissions (N2O),Manure Management,2010,gigagrams,0.2659,
Agriculture Total,Morocco,Emissions (N2O),Synthetic Fertilizers,2010,gigagrams,4.5868,
Agriculture Total,Morocco,Emissions (N2O),Manure applied to Soils,2010,gigagrams,0.7031,
Agriculture Total,Morocco,Emissions (N2O),Manure left on Pasture,2010,gigagrams,15.0028,
Agriculture Total,Mozambique,Emissions (N2O),Manure Management,2010,gigagrams,0.6349,
Agriculture Total,Mozambique,Emissions (N2O),Synthetic Fertilizers,2010,gigagrams,0.9033,
Agriculture Total,Mozambique,Emissions (N2O),Manure applied to Soils,2010,gigagrams,0.5599,
Agriculture Total,Mozambique,Emissions (N2O),Manure left on Pasture,2010,gigagrams,3.8023,
Agriculture Total,Myanmar,Emissions (N2O),Manure Management,2010,gigagrams,11.3823,
Agriculture Total,Myanmar,Emissions (N2O),Synthetic Fertilizers,2010,gigagrams,1.0681,
Agriculture Total,Myanmar,Emissions (N2O),Manure applied to Soils,2010,gigagrams,7.169,
Agriculture Total,Myanmar,Emissions (N2O),Manure left on Pasture,2010,gigagrams,15.1753,
Agriculture Total,Namibia,Emissions (N2O),Manure Management,2010,gigagrams,0.0818,
Agriculture Total,Namibia,Emissions (N2O),Synthetic Fertilizers,2010,gigagrams,0.0593,
Agriculture Total,Namibia,Emissions (N2O),Manure applied to Soils,2010,gigagrams,0.1167,
Agriculture Total,Namibia,Emissions (N2O),Manure left on Pasture,2010,gigagrams,5.2388,
Agriculture Total,Nauru,Emissions (N2O),Manure Management,2010,gigagrams,0.0004,
Agriculture Total,Nauru,Emissions (N2O),Manure applied to Soils,2010,gigagrams,0.0005,
Agriculture Total,Nauru,Emissions (N2O),Manure left on Pasture,2010,gigagrams,0,
Agriculture Total,Nepal,Emissions (N2O),Manure Management,2010,gigagrams,0.5695,
Agriculture Total,Nepal,Emissions (N2O),Synthetic Fertilizers,2010,gigagrams,0.8984,
Agriculture Total,Nepal,Emissions (N2O),Manure applied to Soils,2010,gigagrams,1.9365,
Agriculture Total,Nepal,Emissions (N2O),Manure left on Pasture,2010,gigagrams,8.6154,
Agriculture Total,Netherlands,Emissions (N2O),Manure Management,2010,gigagrams,4.1252,
Agriculture Total,Netherlands,Emissions (N2O),Synthetic Fertilizers,2010,gigagrams,4.5382,
Agriculture Total,Netherlands,Emissions (N2O),Manure applied to Soils,2010,gigagrams,6.7029,
Agriculture Total,Netherlands,Emissions (N2O),Manure left on Pasture,2010,gigagrams,3.3504,
Agriculture Total,Netherlands Antilles (former),Emissions (N2O),Manure Management,2010,gigagrams,0.0011,
Agriculture Total,Netherlands Antilles (former),Emissions (N2O),Manure applied to Soils,2010,gigagrams,0.0021,
Agriculture Total,Netherlands Antilles (former),Emissions (N2O),Manure left on Pasture,2010,gigagrams,0.0103,
Agriculture Total,New Caledonia,Emissions (N2O),Manure Management,2010,gigagrams,0.0238,
Agriculture Total,New Caledonia,Emissions (N2O),Synthetic Fertilizers,2010,gigagrams,0.0116,
Agriculture Total,New Caledonia,Emissions (N2O),Manure applied to Soils,2010,gigagrams,0.017,
Agriculture Total,New Caledonia,Emissions (N2O),Manure left on Pasture,2010,gigagrams,0.1974,
Agriculture Total,New Zealand,Emissions (N2O),Manure Management,2010,gigagrams,1.5293,
Agriculture Total,New Zealand,Emissions (N2O),Synthetic Fertilizers,2010,gigagrams,5.127,
Agriculture Total,New Zealand,Emissions (N2O),Manure applied to Soils,2010,gigagrams,1.4736,
Agriculture Total,New Zealand,Emissions (N2O),Manure left on Pasture,2010,gigagrams,36.407,
Agriculture Total,Nicaragua,Emissions (N2O),Manure Management,2010,gigagrams,0.2454,
Agriculture Total,Nicaragua,Emissions (N2O),Synthetic Fertilizers,2010,gigagrams,0.83,
Agriculture Total,Nicaragua,Emissions (N2O),Manure applied to Soils,2010,gigagrams,1.0754,
Agriculture Total,Nicaragua,Emissions (N2O),Manure left on Pasture,2010,gigagrams,5.4137,
Agriculture Total,Niger,Emissions (N2O),Manure Management,2010,gigagrams,0.2498,
Agriculture Total,Niger,Emissions (N2O),Synthetic Fertilizers,2010,gigagrams,0.1005,
Agriculture Total,Niger,Emissions (N2O),Manure applied to Soils,2010,gigagrams,0.5071,
Agriculture Total,Niger,Emissions (N2O),Manure left on Pasture,2010,gigagrams,24.6845,
Agriculture Total,Nigeria,Emissions (N2O),Manure Management,2010,gigagrams,3.8741,
Agriculture Total,Nigeria,Emissions (N2O),Synthetic Fertilizers,2010,gigagrams,5.4792,
Agriculture Total,Nigeria,Emissions (N2O),Manure applied to Soils,2010,gigagrams,3.7719,
Agriculture Total,Nigeria,Emissions (N2O),Manure left on Pasture,2010,gigagrams,57.1885,
Agriculture Total,Niue,Emissions (N2O),Manure Management,2010,gigagrams,0.0003,
Agriculture Total,Niue,Emissions (N2O),Manure applied to Soils,2010,gigagrams,0.0004,
Agriculture Total,Niue,Emissions (N2O),Manure left on Pasture,2010,gigagrams,0.0003,
Agriculture Total,North Macedonia,Emissions (N2O),Manure Management,2010,gigagrams,0.2253,
Agriculture Total,North Macedonia,Emissions (N2O),Synthetic Fertilizers,2010,gigagrams,0.4049,
Agriculture Total,North Macedonia,Emissions (N2O),Manure applied to Soils,2010,gigagrams,0.326,
Agriculture Total,North Macedonia,Emissions (N2O),Manure left on Pasture,2010,gigagrams,0.4621,
Agriculture Total,Norway,Emissions (N2O),Manure Management,2010,gigagrams,0.6725,
Agriculture Total,Norway,Emissions (N2O),Synthetic Fertilizers,2010,gigagrams,1.7774,
Agriculture Total,Norway,Emissions (N2O),Manure applied to Soils,2010,gigagrams,1.0524,
Agriculture Total,Norway,Emissions (N2O),Manure left on Pasture,2010,gigagrams,1.3191,
Agriculture Total,Oman,Emissions (N2O),Manure Management,2010,gigagrams,0.0129,
Agriculture Total,Oman,Emissions (N2O),Synthetic Fertilizers,2010,gigagrams,0.0261,
Agriculture Total,Oman,Emissions (N2O),Manure applied to Soils,2010,gigagrams,0.0288,
Agriculture Total,Oman,Emissions (N2O),Manure left on Pasture,2010,gigagrams,1.4885,
Agriculture Total,Pakistan,Emissions (N2O),Manure Management,2010,gigagrams,3.5844,
Agriculture Total,Pakistan,Emissions (N2O),Synthetic Fertilizers,2010,gigagrams,68.0971,
Agriculture Total,Pakistan,Emissions (N2O),Manure applied to Soils,2010,gigagrams,13.2066,
Agriculture Total,Pakistan,Emissions (N2O),Manure left on Pasture,2010,gigagrams,64.4708,
Agriculture Total,Palestine,Emissions (N2O),Manure Management,2010,gigagrams,0.0084,
Agriculture Total,Palestine,Emissions (N2O),Manure applied to Soils,2010,gigagrams,0.0231,
Agriculture Total,Palestine,Emissions (N2O),Manure left on Pasture,2010,gigagrams,0.3853,
Agriculture Total,Panama,Emissions (N2O),Manure Management,2010,gigagrams,0.1262,
Agriculture Total,Panama,Emissions (N2O),Synthetic Fertilizers,2010,gigagrams,0.4498,
Agriculture Total,Panama,Emissions (N2O),Manure applied to Soils,2010,gigagrams,0.3363,
Agriculture Total,Panama,Emissions (N2O),Manure left on Pasture,2010,gigagrams,2.5997,
Agriculture Total,Papua New Guinea,Emissions (N2O),Manure Management,2010,gigagrams,0.2595,
Agriculture Total,Papua New Guinea,Emissions (N2O),Synthetic Fertilizers,2010,gigagrams,0.3325,
Agriculture Total,Papua New Guinea,Emissions (N2O),Manure applied to Soils,2010,gigagrams,0.3145,
Agriculture Total,Papua New Guinea,Emissions (N2O),Manure left on Pasture,2010,gigagrams,0.2028,
Agriculture Total,Paraguay,Emissions (N2O),Manure Management,2010,gigagrams,0.4049,
Agriculture Total,Paraguay,Emissions (N2O),Synthetic Fertilizers,2010,gigagrams,1.6994,
Agriculture Total,Paraguay,Emissions (N2O),Manure applied to Soils,2010,gigagrams,0.7364,
Agriculture Total,Paraguay,Emissions (N2O),Manure left on Pasture,2010,gigagrams,19.0526,
Agriculture Total,Peru,Emissions (N2O),Manure Management,2010,gigagrams,1.2187,
Agriculture Total,Peru,Emissions (N2O),Synthetic Fertilizers,2010,gigagrams,4.652,
Agriculture Total,Peru,Emissions (N2O),Manure applied to Soils,2010,gigagrams,2.3609,
Agriculture Total,Peru,Emissions (N2O),Manure left on Pasture,2010,gigagrams,16.697,
Agriculture Total,Philippines,Emissions (N2O),Manure Management,2010,gigagrams,5.4781,
Agriculture Total,Philippines,Emissions (N2O),Synthetic Fertilizers,2010,gigagrams,12.3518,
Agriculture Total,Philippines,Emissions (N2O),Manure applied to Soils,2010,gigagrams,3.6663,
Agriculture Total,Philippines,Emissions (N2O),Manure left on Pasture,2010,gigagrams,7.7921,
Agriculture Total,Poland,Emissions (N2O),Manure Management,2010,gigagrams,5.9346,
Agriculture Total,Poland,Emissions (N2O),Synthetic Fertilizers,2010,gigagrams,22.7183,
Agriculture Total,Poland,Emissions (N2O),Manure applied to Soils,2010,gigagrams,9.2884,
Agriculture Total,Poland,Emissions (N2O),Manure left on Pasture,2010,gigagrams,2.8026,
Agriculture Total,Portugal,Emissions (N2O),Manure Management,2010,gigagrams,1.095,
Agriculture Total,Portugal,Emissions (N2O),Synthetic Fertilizers,2010,gigagrams,2.0873,
Agriculture Total,Portugal,Emissions (N2O),Manure applied to Soils,2010,gigagrams,1.838,
Agriculture Total,Portugal,Emissions (N2O),Manure left on Pasture,2010,gigagrams,1.7978,
Agriculture Total,Puerto Rico,Emissions (N2O),Manure Management,2010,gigagrams,0.0454,
Agriculture Total,Puerto Rico,Emissions (N2O),Manure applied to Soils,2010,gigagrams,0.1636,
Agriculture Total,Puerto Rico,Emissions (N2O),Manure left on Pasture,2010,gigagrams,0.6151,
Agriculture Total,Qatar,Emissions (N2O),Manure Management,2010,gigagrams,0.0065,
Agriculture Total,Qatar,Emissions (N2O),Synthetic Fertilizers,2010,gigagrams,1.7049,
Agriculture Total,Qatar,Emissions (N2O),Manure applied to Soils,2010,gigagrams,0.0181,
Agriculture Total,Qatar,Emissions (N2O),Manure left on Pasture,2010,gigagrams,0.2579,
Agriculture Total,Republic of Korea,Emissions (N2O),Manure Management,2010,gigagrams,3.4057,
Agriculture Total,Republic of Korea,Emissions (N2O),Synthetic Fertilizers,2010,gigagrams,4.4416,
Agriculture Total,Republic of Korea,Emissions (N2O),Manure applied to Soils,2010,gigagrams,2.631,
Agriculture Total,Republic of Korea,Emissions (N2O),Manure left on Pasture,2010,gigagrams,3.9354,
Agriculture Total,Republic of Moldova,Emissions (N2O),Manure Management,2010,gigagrams,0.2897,
Agriculture Total,Republic of Moldova,Emissions (N2O),Synthetic Fertilizers,2010,gigagrams,0.3405,
Agriculture Total,Republic of Moldova,Emissions (N2O),Manure applied to Soils,2010,gigagrams,0.5356,
Agriculture Total,Republic of Moldova,Emissions (N2O),Manure left on Pasture,2010,gigagrams,0.4017,
Agriculture Total,R茅union,Emissions (N2O),Manure Management,2010,gigagrams,0.0413,
Agriculture Total,R茅union,Emissions (N2O),Manure applied to Soils,2010,gigagrams,0.0528,
Agriculture Total,R茅union,Emissions (N2O),Manure left on Pasture,2010,gigagrams,0.2641,
Agriculture Total,Romania,Emissions (N2O),Manure Management,2010,gigagrams,2.9378,
Agriculture Total,Romania,Emissions (N2O),Synthetic Fertilizers,2010,gigagrams,6.3663,
Agriculture Total,Romania,Emissions (N2O),Manure applied to Soils,2010,gigagrams,5.0195,
Agriculture Total,Romania,Emissions (N2O),Manure left on Pasture,2010,gigagrams,4.4981,
Agriculture Total,Russian Federation,Emissions (N2O),Manure Management,2010,gigagrams,16.1603,
Agriculture Total,Russian Federation,Emissions (N2O),Synthetic Fertilizers,2010,gigagrams,24.8333,
Agriculture Total,Russian Federation,Emissions (N2O),Manure applied to Soils,2010,gigagrams,25.4541,
Agriculture Total,Russian Federation,Emissions (N2O),Manure left on Pasture,2010,gigagrams,15.9339,
Agriculture Total,Rwanda,Emissions (N2O),Manure Management,2010,gigagrams,0.3326,
Agriculture Total,Rwanda,Emissions (N2O),Synthetic Fertilizers,2010,gigagrams,0.002,
Agriculture Total,Rwanda,Emissions (N2O),Manure applied to Soils,2010,gigagrams,0.299,
Agriculture Total,Rwanda,Emissions (N2O),Manure left on Pasture,2010,gigagrams,3.2629,
Agriculture Total,"Saint Helena, Ascension and Tristan da Cunha",Emissions (N2O),Manure Management,2010,gigagrams,0.0003,
Agriculture Total,"Saint Helena, Ascension and Tristan da Cunha",Emissions (N2O),Manure applied to Soils,2010,gigagrams,0.0002,
Agriculture Total,"Saint Helena, Ascension and Tristan da Cunha",Emissions (N2O),Manure left on Pasture,2010,gigagrams,0.002,
Agriculture Total,Saint Kitts and Nevis,Emissions (N2O),Manure Management,2010,gigagrams,0.002,
Agriculture Total,Saint Kitts and Nevis,Emissions (N2O),Synthetic Fertilizers,2010,gigagrams,0.0005,
Agriculture Total,Saint Kitts and Nevis,Emissions (N2O),Manure applied to Soils,2010,gigagrams,0.0039,
Agriculture Total,Saint Kitts and Nevis,Emissions (N2O),Manure left on Pasture,2010,gigagrams,0.015,
Agriculture Total,Saint Lucia,Emissions (N2O),Manure Management,2010,gigagrams,0.0065,
Agriculture Total,Saint Lucia,Emissions (N2O),Synthetic Fertilizers,2010,gigagrams,0.0052,
Agriculture Total,Saint Lucia,Emissions (N2O),Manure applied to Soils,2010,gigagrams,0.0092,
Agriculture Total,Saint Lucia,Emissions (N2O),Manure left on Pasture,2010,gigagrams,0.0267,
Agriculture Total,Saint Pierre and Miquelon,Emissions (N2O),Manure Management,2010,gigagrams,0.0001,
Agriculture Total,Saint Pierre and Miquelon,Emissions (N2O),Manure applied to Soils,2010,gigagrams,0.0004,
Agriculture Total,Saint Pierre and Miquelon,Emissions (N2O),Manure left on Pasture,2010,gigagrams,0.0001,
Agriculture Total,Saint Vincent and the Grenadines,Emissions (N2O),Manure Management,2010,gigagrams,0.0028,
Agriculture Total,Saint Vincent and the Grenadines,Emissions (N2O),Manure applied to Soils,2010,gigagrams,0.0047,
Agriculture Total,Saint Vincent and the Grenadines,Emissions (N2O),Manure left on Pasture,2010,gigagrams,0.0156,
Agriculture Total,Samoa,Emissions (N2O),Manure Management,2010,gigagrams,0.029,
Agriculture Total,Samoa,Emissions (N2O),Synthetic Fertilizers,2010,gigagrams,0.0001,
Agriculture Total,Samoa,Emissions (N2O),Manure applied to Soils,2010,gigagrams,0.0306,
Agriculture Total,Samoa,Emissions (N2O),Manure left on Pasture,2010,gigagrams,0.0868,
Agriculture Total,Sao Tome and Principe,Emissions (N2O),Manure Management,2010,gigagrams,0.0112,
Agriculture Total,Sao Tome and Principe,Emissions (N2O),Manure applied to Soils,2010,gigagrams,0.0086,
Agriculture Total,Sao Tome and Principe,Emissions (N2O),Manure left on Pasture,2010,gigagrams,0.0093,
Agriculture Total,Saudi Arabia,Emissions (N2O),Manure Management,2010,gigagrams,0.1408,
Agriculture Total,Saudi Arabia,Emissions (N2O),Synthetic Fertilizers,2010,gigagrams,2.6027,
Agriculture Total,Saudi Arabia,Emissions (N2O),Manure applied to Soils,2010,gigagrams,0.3918,
Agriculture Total,Saudi Arabia,Emissions (N2O),Manure left on Pasture,2010,gigagrams,6.0406,
Agriculture Total,Senegal,Emissions (N2O),Manure Management,2010,gigagrams,0.265,
Agriculture Total,Senegal,Emissions (N2O),Synthetic Fertilizers,2010,gigagrams,0.5657,
Agriculture Total,Senegal,Emissions (N2O),Manure applied to Soils,2010,gigagrams,0.3752,
Agriculture Total,Senegal,Emissions (N2O),Manure left on Pasture,2010,gigagrams,9.4488,
Agriculture Total,Serbia,Emissions (N2O),Manure Management,2010,gigagrams,1.1678,
Agriculture Total,Serbia,Emissions (N2O),Synthetic Fertilizers,2010,gigagrams,4.4441,
Agriculture Total,Serbia,Emissions (N2O),Manure applied to Soils,2010,gigagrams,1.8937,
Agriculture Total,Serbia,Emissions (N2O),Manure left on Pasture,2010,gigagrams,1.1792,
Agriculture Total,Seychelles,Emissions (N2O),Manure Management,2010,gigagrams,0.0022,
Agriculture Total,Seychelles,Emissions (N2O),Synthetic Fertilizers,2010,gigagrams,0.0002,
Agriculture Total,Seychelles,Emissions (N2O),Manure applied to Soils,2010,gigagrams,0.0021,
Agriculture Total,Seychelles,Emissions (N2O),Manure left on Pasture,2010,gigagrams,0.0066,
Agriculture Total,Sierra Leone,Emissions (N2O),Manure Management,2010,gigagrams,0.0418,
Agriculture Total,Sierra Leone,Emissions (N2O),Manure applied to Soils,2010,gigagrams,0.0706,
Agriculture Total,Sierra Leone,Emissions (N2O),Manure left on Pasture,2010,gigagrams,1.7842,
Agriculture Total,Singapore,Emissions (N2O),Manure Management,2010,gigagrams,0.0073,
Agriculture Total,Singapore,Emissions (N2O),Synthetic Fertilizers,2010,gigagrams,0.5737,
Agriculture Total,Singapore,Emissions (N2O),Manure applied to Soils,2010,gigagrams,0.0202,
Agriculture Total,Singapore,Emissions (N2O),Manure left on Pasture,2010,gigagrams,0.0284,
Agriculture Total,Slovakia,Emissions (N2O),Manure Management,2010,gigagrams,0.4166,
Agriculture Total,Slovakia,Emissions (N2O),Synthetic Fertilizers,2010,gigagrams,1.9357,
Agriculture Total,Slovakia,Emissions (N2O),Manure applied to Soils,2010,gigagrams,0.6717,
Agriculture Total,Slovakia,Emissions (N2O),Manure left on Pasture,2010,gigagrams,0.316,
Agriculture Total,Slovenia,Emissions (N2O),Manure Management,2010,gigagrams,0.315,
Agriculture Total,Slovenia,Emissions (N2O),Synthetic Fertilizers,2010,gigagrams,0.569,
Agriculture Total,Slovenia,Emissions (N2O),Manure applied to Soils,2010,gigagrams,0.4657,
Agriculture Total,Slovenia,Emissions (N2O),Manure left on Pasture,2010,gigagrams,0.3812,
Agriculture Total,Solomon Islands,Emissions (N2O),Manure Management,2010,gigagrams,0.0098,
Agriculture Total,Solomon Islands,Emissions (N2O),Manure applied to Soils,2010,gigagrams,0.0113,
Agriculture Total,Solomon Islands,Emissions (N2O),Manure left on Pasture,2010,gigagrams,0.031,
Agriculture Total,Somalia,Emissions (N2O),Manure Management,2010,gigagrams,0.1654,
Agriculture Total,Somalia,Emissions (N2O),Manure applied to Soils,2010,gigagrams,0.4492,
Agriculture Total,Somalia,Emissions (N2O),Manure left on Pasture,2010,gigagrams,20.3465,
Agriculture Total,South Africa,Emissions (N2O),Manure Management,2010,gigagrams,1.1237,
Agriculture Total,South Africa,Emissions (N2O),Synthetic Fertilizers,2010,gigagrams,8.2245,
Agriculture Total,South Africa,Emissions (N2O),Manure applied to Soils,2010,gigagrams,1.3194,
Agriculture Total,South Africa,Emissions (N2O),Manure left on Pasture,2010,gigagrams,31.9975,
Agriculture Total,Spain,Emissions (N2O),Manure Management,2010,gigagrams,6.1765,
Agriculture Total,Spain,Emissions (N2O),Synthetic Fertilizers,2010,gigagrams,19.595,
Agriculture Total,Spain,Emissions (N2O),Manure applied to Soils,2010,gigagrams,10.9127,
Agriculture Total,Spain,Emissions (N2O),Manure left on Pasture,2010,gigagrams,10.7691,
Agriculture Total,Sri Lanka,Emissions (N2O),Manure Management,2010,gigagrams,0.0798,
Agriculture Total,Sri Lanka,Emissions (N2O),Synthetic Fertilizers,2010,gigagrams,3.4584,
Agriculture Total,Sri Lanka,Emissions (N2O),Manure applied to Soils,2010,gigagrams,0.2818,
Agriculture Total,Sri Lanka,Emissions (N2O),Manure left on Pasture,2010,gigagrams,0.9558,
Agriculture Total,Sudan (former),Emissions (N2O),Manure Management,2010,gigagrams,1.0975,
Agriculture Total,Sudan (former),Emissions (N2O),Synthetic Fertilizers,2010,gigagrams,2.6945,
Agriculture Total,Sudan (former),Emissions (N2O),Manure applied to Soils,2010,gigagrams,2.8206,
Agriculture Total,Sudan (former),Emissions (N2O),Manure left on Pasture,2010,gigagrams,102.1568,
Agriculture Total,Suriname,Emissions (N2O),Manure Management,2010,gigagrams,0.0212,
Agriculture Total,Suriname,Emissions (N2O),Synthetic Fertilizers,2010,gigagrams,0.205,
Agriculture Total,Suriname,Emissions (N2O),Manure applied to Soils,2010,gigagrams,0.046,
Agriculture Total,Suriname,Emissions (N2O),Manure left on Pasture,2010,gigagrams,0.1335,
Agriculture Total,Sweden,Emissions (N2O),Manure Management,2010,gigagrams,1.0233,
Agriculture Total,Sweden,Emissions (N2O),Synthetic Fertilizers,2010,gigagrams,3.4812,
Agriculture Total,Sweden,Emissions (N2O),Manure applied to Soils,2010,gigagrams,1.5197,
Agriculture Total,Sweden,Emissions (N2O),Manure left on Pasture,2010,gigagrams,1.2551,
Agriculture Total,Switzerland,Emissions (N2O),Manure Management,2010,gigagrams,1.1992,
Agriculture Total,Switzerland,Emissions (N2O),Synthetic Fertilizers,2010,gigagrams,1.0583,
Agriculture Total,Switzerland,Emissions (N2O),Manure applied to Soils,2010,gigagrams,1.7026,
Agriculture Total,Switzerland,Emissions (N2O),Manure left on Pasture,2010,gigagrams,1.3085,
Agriculture Total,Syrian Arab Republic,Emissions (N2O),Manure Management,2010,gigagrams,0.057,
Agriculture Total,Syrian Arab Republic,Emissions (N2O),Synthetic Fertilizers,2010,gigagrams,2.4814,
Agriculture Total,Syrian Arab Republic,Emissions (N2O),Manure applied to Soils,2010,gigagrams,0.1388,
Agriculture Total,Syrian Arab Republic,Emissions (N2O),Manure left on Pasture,2010,gigagrams,7.344,
Agriculture Total,Tajikistan,Emissions (N2O),Manure Management,2010,gigagrams,0.9878,
Agriculture Total,Tajikistan,Emissions (N2O),Synthetic Fertilizers,2010,gigagrams,0.9472,
Agriculture Total,Tajikistan,Emissions (N2O),Manure applied to Soils,2010,gigagrams,1.0294,
Agriculture Total,Tajikistan,Emissions (N2O),Manure left on Pasture,2010,gigagrams,2.4671,
Agriculture Total,Thailand,Emissions (N2O),Manure Management,2010,gigagrams,6.4934,
Agriculture Total,Thailand,Emissions (N2O),Synthetic Fertilizers,2010,gigagrams,33.4616,
Agriculture Total,Thailand,Emissions (N2O),Manure applied to Soils,2010,gigagrams,4.1617,
Agriculture Total,Thailand,Emissions (N2O),Manure left on Pasture,2010,gigagrams,8.4272,
Agriculture Total,Timor-Leste,Emissions (N2O),Manure Management,2010,gigagrams,0.201,
Agriculture Total,Timor-Leste,Emissions (N2O),Manure applied to Soils,2010,gigagrams,0.1095,
Agriculture Total,Timor-Leste,Emissions (N2O),Manure left on Pasture,2010,gigagrams,0.3191,
Agriculture Total,Togo,Emissions (N2O),Manure Management,2010,gigagrams,0.2747,
Agriculture Total,Togo,Emissions (N2O),Synthetic Fertilizers,2010,gigagrams,0.1921,
Agriculture Total,Togo,Emissions (N2O),Manure applied to Soils,2010,gigagrams,0.2478,
Agriculture Total,Togo,Emissions (N2O),Manure left on Pasture,2010,gigagrams,1.9322,
Agriculture Total,Tokelau,Emissions (N2O),Manure Management,2010,gigagrams,0.0001,
Agriculture Total,Tokelau,Emissions (N2O),Manure applied to Soils,2010,gigagrams,0.0002,
Agriculture Total,Tokelau,Emissions (N2O),Manure left on Pasture,2010,gigagrams,0,
Agriculture Total,Tonga,Emissions (N2O),Manure Management,2010,gigagrams,0.0127,
Agriculture Total,Tonga,Emissions (N2O),Synthetic Fertilizers,2010,gigagrams,0.0669,
Agriculture Total,Tonga,Emissions (N2O),Manure applied to Soils,2010,gigagrams,0.0149,
Agriculture Total,Tonga,Emissions (N2O),Manure left on Pasture,2010,gigagrams,0.0349,
Agriculture Total,Trinidad and Tobago,Emissions (N2O),Manure Management,2010,gigagrams,0.0655,
Agriculture Total,Trinidad and Tobago,Emissions (N2O),Synthetic Fertilizers,2010,gigagrams,0.1062,
Agriculture Total,Trinidad and Tobago,Emissions (N2O),Manure applied to Soils,2010,gigagrams,0.1756,
Agriculture Total,Trinidad and Tobago,Emissions (N2O),Manure left on Pasture,2010,gigagrams,0.2576,
Agriculture Total,Tunisia,Emissions (N2O),Manure Management,2010,gigagrams,0.1194,
Agriculture Total,Tunisia,Emissions (N2O),Synthetic Fertilizers,2010,gigagrams,2.713,
Agriculture Total,Tunisia,Emissions (N2O),Manure applied to Soils,2010,gigagrams,0.3279,
Agriculture Total,Tunisia,Emissions (N2O),Manure left on Pasture,2010,gigagrams,5.4915,
Agriculture Total,Turkey,Emissions (N2O),Manure Management,2010,gigagrams,0.5334,
Agriculture Total,Turkey,Emissions (N2O),Synthetic Fertilizers,2010,gigagrams,29.7271,
Agriculture Total,Turkey,Emissions (N2O),Manure applied to Soils,2010,gigagrams,1.2748,
Agriculture Total,Turkey,Emissions (N2O),Manure left on Pasture,2010,gigagrams,31.6189,
Agriculture Total,Turkmenistan,Emissions (N2O),Manure Management,2010,gigagrams,1.3968,
Agriculture Total,Turkmenistan,Emissions (N2O),Manure applied to Soils,2010,gigagrams,1.7203,
Agriculture Total,Turkmenistan,Emissions (N2O),Manure left on Pasture,2010,gigagrams,5.6082,
Agriculture Total,Tuvalu,Emissions (N2O),Manure Management,2010,gigagrams,0.0018,
Agriculture Total,Tuvalu,Emissions (N2O),Manure applied to Soils,2010,gigagrams,0.0023,
Agriculture Total,Tuvalu,Emissions (N2O),Manure left on Pasture,2010,gigagrams,0,
Agriculture Total,Uganda,Emissions (N2O),Manure Management,2010,gigagrams,1.2768,
Agriculture Total,Uganda,Emissions (N2O),Synthetic Fertilizers,2010,gigagrams,0.1325,
Agriculture Total,Uganda,Emissions (N2O),Manure applied to Soils,2010,gigagrams,1.4058,
Agriculture Total,Uganda,Emissions (N2O),Manure left on Pasture,2010,gigagrams,24.7687,
Agriculture Total,Ukraine,Emissions (N2O),Manure Management,2010,gigagrams,4.6359,
Agriculture Total,Ukraine,Emissions (N2O),Synthetic Fertilizers,2010,gigagrams,16.1285,
Agriculture Total,Ukraine,Emissions (N2O),Manure applied to Soils,2010,gigagrams,7.4193,
Agriculture Total,Ukraine,Emissions (N2O),Manure left on Pasture,2010,gigagrams,3.0722,
Agriculture Total,United Arab Emirates,Emissions (N2O),Manure Management,2010,gigagrams,0.0202,
Agriculture Total,United Arab Emirates,Emissions (N2O),Synthetic Fertilizers,2010,gigagrams,0.5424,
Agriculture Total,United Arab Emirates,Emissions (N2O),Manure applied to Soils,2010,gigagrams,0.0552,
Agriculture Total,United Arab Emirates,Emissions (N2O),Manure left on Pasture,2010,gigagrams,1.687,
Agriculture Total,United Kingdom,Emissions (N2O),Manure Management,2010,gigagrams,6.8389,
Agriculture Total,United Kingdom,Emissions (N2O),Synthetic Fertilizers,2010,gigagrams,21.2795,
Agriculture Total,United Kingdom,Emissions (N2O),Manure applied to Soils,2010,gigagrams,10.9195,
Agriculture Total,United Kingdom,Emissions (N2O),Manure left on Pasture,2010,gigagrams,16.0853,
Agriculture Total,United Republic of Tanzania,Emissions (N2O),Manure Management,2010,gigagrams,0.6519,
Agriculture Total,United Republic of Tanzania,Emissions (N2O),Synthetic Fertilizers,2010,gigagrams,1.3821,
Agriculture Total,United Republic of Tanzania,Emissions (N2O),Manure applied to Soils,2010,gigagrams,1.3119,
Agriculture Total,United Republic of Tanzania,Emissions (N2O),Manure left on Pasture,2010,gigagrams,37.718,
Agriculture Total,United States of America,Emissions (N2O),Manure Management,2010,gigagrams,47.1337,
Agriculture Total,United States of America,Emissions (N2O),Synthetic Fertilizers,2010,gigagrams,230.2165,
Agriculture Total,United States of America,Emissions (N2O),Manure applied to Soils,2010,gigagrams,53.4725,
Agriculture Total,United States of America,Emissions (N2O),Manure left on Pasture,2010,gigagrams,129.9852,
Agriculture Total,United States Virgin Islands,Emissions (N2O),Manure Management,2010,gigagrams,0.0009,
Agriculture Total,United States Virgin Islands,Emissions (N2O),Manure applied to Soils,2010,gigagrams,0.0017,
Agriculture Total,United States Virgin Islands,Emissions (N2O),Manure left on Pasture,2010,gigagrams,0.0146,
Agriculture Total,Uruguay,Emissions (N2O),Manure Management,2010,gigagrams,0.1792,
Agriculture Total,Uruguay,Emissions (N2O),Synthetic Fertilizers,2010,gigagrams,3.1539,
Agriculture Total,Uruguay,Emissions (N2O),Manure applied to Soils,2010,gigagrams,0.8595,
Agriculture Total,Uruguay,Emissions (N2O),Manure left on Pasture,2010,gigagrams,19.9654,
Agriculture Total,Uzbekistan,Emissions (N2O),Manure Management,2010,gigagrams,4.8219,
Agriculture Total,Uzbekistan,Emissions (N2O),Synthetic Fertilizers,2010,gigagrams,13.1745,
Agriculture Total,Uzbekistan,Emissions (N2O),Manure applied to Soils,2010,gigagrams,4.415,
Agriculture Total,Uzbekistan,Emissions (N2O),Manure left on Pasture,2010,gigagrams,9.7561,
Agriculture Total,Vanuatu,Emissions (N2O),Manure Management,2010,gigagrams,0.0431,
Agriculture Total,Vanuatu,Emissions (N2O),Manure applied to Soils,2010,gigagrams,0.0315,
Agriculture Total,Vanuatu,Emissions (N2O),Manure left on Pasture,2010,gigagrams,0.3596,
Agriculture Total,Venezuela (Bolivarian Republic of),Emissions (N2O),Manure Management,2010,gigagrams,1.3469,
Agriculture Total,Venezuela (Bolivarian Republic of),Emissions (N2O),Synthetic Fertilizers,2010,gigagrams,6.1906,
Agriculture Total,Venezuela (Bolivarian Republic of),Emissions (N2O),Manure applied to Soils,2010,gigagrams,3.2886,
Agriculture Total,Venezuela (Bolivarian Republic of),Emissions (N2O),Manure left on Pasture,2010,gigagrams,22.3578,
Agriculture Total,Viet Nam,Emissions (N2O),Manure Management,2010,gigagrams,8.8827,
Agriculture Total,Viet Nam,Emissions (N2O),Synthetic Fertilizers,2010,gigagrams,24.9057,
Agriculture Total,Viet Nam,Emissions (N2O),Manure applied to Soils,2010,gigagrams,6.1978,
Agriculture Total,Viet Nam,Emissions (N2O),Manure left on Pasture,2010,gigagrams,9.9229,
Agriculture Total,Wallis and Futuna Islands,Emissions (N2O),Manure Management,2010,gigagrams,0.0031,
Agriculture Total,Wallis and Futuna Islands,Emissions (N2O),Manure applied to Soils,2010,gigagrams,0.004,
Agriculture Total,Wallis and Futuna Islands,Emissions (N2O),Manure left on Pasture,2010,gigagrams,0.0027,
Agriculture Total,Western Sahara,Emissions (N2O),Manure Management,2010,gigagrams,0.0006,
Agriculture Total,Western Sahara,Emissions (N2O),Manure applied to Soils,2010,gigagrams,0.0031,
Agriculture Total,Western Sahara,Emissions (N2O),Manure left on Pasture,2010,gigagrams,0.155,
Agriculture Total,Yemen,Emissions (N2O),Manure Management,2010,gigagrams,0.0958,
Agriculture Total,Yemen,Emissions (N2O),Synthetic Fertilizers,2010,gigagrams,0.498,
Agriculture Total,Yemen,Emissions (N2O),Manure applied to Soils,2010,gigagrams,0.2353,
Agriculture Total,Yemen,Emissions (N2O),Manure left on Pasture,2010,gigagrams,9.7549,
Agriculture Total,Zambia,Emissions (N2O),Manure Management,2010,gigagrams,0.3879,
Agriculture Total,Zambia,Emissions (N2O),Synthetic Fertilizers,2010,gigagrams,1.6161,
Agriculture Total,Zambia,Emissions (N2O),Manure applied to Soils,2010,gigagrams,0.379,
Agriculture Total,Zambia,Emissions (N2O),Manure left on Pasture,2010,gigagrams,5.9272,
Agriculture Total,Zimbabwe,Emissions (N2O),Manure Management,2010,gigagrams,0.2925,
Agriculture Total,Zimbabwe,Emissions (N2O),Synthetic Fertilizers,2010,gigagrams,1.468,
Agriculture Total,Zimbabwe,Emissions (N2O),Manure applied to Soils,2010,gigagrams,0.391,
Agriculture Total,Zimbabwe,Emissions (N2O),Manure left on Pasture,2010,gigagrams,11.2002,
