Domain|Area|Element|Item|Year|Unit|Value|Note
Synthetic Fertilizers|Afghanistan|Agricultural Use in nutrients|Synthetic Nitrogen fertilizers|2010|kg of nutrients|12929014.6|
Synthetic Fertilizers|Afghanistan|Implied emission factor for N2O (Synthetic fertilizers)|Synthetic Nitrogen fertilizers|2010|kg N2O-N/kg N|0.0133|
Synthetic Fertilizers|Afghanistan|Emissions (N2O) (Synthetic fertilizers)|Synthetic Nitrogen fertilizers|2010|gigagrams N2O-N|0.2692|
Synthetic Fertilizers|Albania|Agricultural Use in nutrients|Synthetic Nitrogen fertilizers|2010|kg of nutrients|31292435|
Synthetic Fertilizers|Albania|Implied emission factor for N2O (Synthetic fertilizers)|Synthetic Nitrogen fertilizers|2010|kg N2O-N/kg N|0.0133|
Synthetic Fertilizers|Albania|Emissions (N2O) (Synthetic fertilizers)|Synthetic Nitrogen fertilizers|2010|gigagrams N2O-N|0.6516|
Synthetic Fertilizers|Algeria|Agricultural Use in nutrients|Synthetic Nitrogen fertilizers|2010|kg of nutrients|60100000|
Synthetic Fertilizers|Algeria|Implied emission factor for N2O (Synthetic fertilizers)|Synthetic Nitrogen fertilizers|2010|kg N2O-N/kg N|0.0133|
Synthetic Fertilizers|Algeria|Emissions (N2O) (Synthetic fertilizers)|Synthetic Nitrogen fertilizers|2010|gigagrams N2O-N|1.2514|
Synthetic Fertilizers|Angola|Agricultural Use in nutrients|Synthetic Nitrogen fertilizers|2010|kg of nutrients|17369000|
Synthetic Fertilizers|Angola|Implied emission factor for N2O (Synthetic fertilizers)|Synthetic Nitrogen fertilizers|2010|kg N2O-N/kg N|0.0133|
Synthetic Fertilizers|Angola|Emissions (N2O) (Synthetic fertilizers)|Synthetic Nitrogen fertilizers|2010|gigagrams N2O-N|0.3616|
Synthetic Fertilizers|Antigua and Barbuda|Agricultural Use in nutrients|Synthetic Nitrogen fertilizers|2010|kg of nutrients|4000|
Synthetic Fertilizers|Antigua and Barbuda|Implied emission factor for N2O (Synthetic fertilizers)|Synthetic Nitrogen fertilizers|2010|kg N2O-N/kg N|0.0132|
Synthetic Fertilizers|Antigua and Barbuda|Emissions (N2O) (Synthetic fertilizers)|Synthetic Nitrogen fertilizers|2010|gigagrams N2O-N|0.0001|
Synthetic Fertilizers|Argentina|Agricultural Use in nutrients|Synthetic Nitrogen fertilizers|2010|kg of nutrients|771245000|
Synthetic Fertilizers|Argentina|Implied emission factor for N2O (Synthetic fertilizers)|Synthetic Nitrogen fertilizers|2010|kg N2O-N/kg N|0.0133|
Synthetic Fertilizers|Argentina|Emissions (N2O) (Synthetic fertilizers)|Synthetic Nitrogen fertilizers|2010|gigagrams N2O-N|16.0584|
Synthetic Fertilizers|Armenia|Agricultural Use in nutrients|Synthetic Nitrogen fertilizers|2010|kg of nutrients|29587400|
Synthetic Fertilizers|Armenia|Implied emission factor for N2O (Synthetic fertilizers)|Synthetic Nitrogen fertilizers|2010|kg N2O-N/kg N|0.0133|
Synthetic Fertilizers|Armenia|Emissions (N2O) (Synthetic fertilizers)|Synthetic Nitrogen fertilizers|2010|gigagrams N2O-N|0.6161|
Synthetic Fertilizers|Australia|Agricultural Use in nutrients|Synthetic Nitrogen fertilizers|2010|kg of nutrients|981800000|
Synthetic Fertilizers|Australia|Implied emission factor for N2O (Synthetic fertilizers)|Synthetic Nitrogen fertilizers|2010|kg N2O-N/kg N|0.0133|
Synthetic Fertilizers|Australia|Emissions (N2O) (Synthetic fertilizers)|Synthetic Nitrogen fertilizers|2010|gigagrams N2O-N|20.4425|
Synthetic Fertilizers|Austria|Agricultural Use in nutrients|Synthetic Nitrogen fertilizers|2010|kg of nutrients|86153000|
Synthetic Fertilizers|Austria|Implied emission factor for N2O (Synthetic fertilizers)|Synthetic Nitrogen fertilizers|2010|kg N2O-N/kg N|0.0133|
Synthetic Fertilizers|Austria|Emissions (N2O) (Synthetic fertilizers)|Synthetic Nitrogen fertilizers|2010|gigagrams N2O-N|1.7938|
Synthetic Fertilizers|Azerbaijan|Agricultural Use in nutrients|Synthetic Nitrogen fertilizers|2010|kg of nutrients|12812000|
Synthetic Fertilizers|Azerbaijan|Implied emission factor for N2O (Synthetic fertilizers)|Synthetic Nitrogen fertilizers|2010|kg N2O-N/kg N|0.0132|
Synthetic Fertilizers|Azerbaijan|Emissions (N2O) (Synthetic fertilizers)|Synthetic Nitrogen fertilizers|2010|gigagrams N2O-N|0.2668|
Synthetic Fertilizers|Bahrain|Agricultural Use in nutrients|Synthetic Nitrogen fertilizers|2010|kg of nutrients|2580965|
Synthetic Fertilizers|Bahrain|Implied emission factor for N2O (Synthetic fertilizers)|Synthetic Nitrogen fertilizers|2010|kg N2O-N/kg N|0.0132|
Synthetic Fertilizers|Bahrain|Emissions (N2O) (Synthetic fertilizers)|Synthetic Nitrogen fertilizers|2010|gigagrams N2O-N|0.0537|
Synthetic Fertilizers|Bangladesh|Agricultural Use in nutrients|Synthetic Nitrogen fertilizers|2010|kg of nutrients|1166810000|
Synthetic Fertilizers|Bangladesh|Implied emission factor for N2O (Synthetic fertilizers)|Synthetic Nitrogen fertilizers|2010|kg N2O-N/kg N|0.0132|
Synthetic Fertilizers|Bangladesh|Emissions (N2O) (Synthetic fertilizers)|Synthetic Nitrogen fertilizers|2010|gigagrams N2O-N|24.2947|
Synthetic Fertilizers|Barbados|Agricultural Use in nutrients|Synthetic Nitrogen fertilizers|2010|kg of nutrients|435000|
Synthetic Fertilizers|Barbados|Implied emission factor for N2O (Synthetic fertilizers)|Synthetic Nitrogen fertilizers|2010|kg N2O-N/kg N|0.0133|
Synthetic Fertilizers|Barbados|Emissions (N2O) (Synthetic fertilizers)|Synthetic Nitrogen fertilizers|2010|gigagrams N2O-N|0.0091|
Synthetic Fertilizers|Belarus|Agricultural Use in nutrients|Synthetic Nitrogen fertilizers|2010|kg of nutrients|529900000|
Synthetic Fertilizers|Belarus|Implied emission factor for N2O (Synthetic fertilizers)|Synthetic Nitrogen fertilizers|2010|kg N2O-N/kg N|0.0133|
Synthetic Fertilizers|Belarus|Emissions (N2O) (Synthetic fertilizers)|Synthetic Nitrogen fertilizers|2010|gigagrams N2O-N|11.0333|
Synthetic Fertilizers|Belgium|Agricultural Use in nutrients|Synthetic Nitrogen fertilizers|2010|kg of nutrients|171234000|
Synthetic Fertilizers|Belgium|Implied emission factor for N2O (Synthetic fertilizers)|Synthetic Nitrogen fertilizers|2010|kg N2O-N/kg N|0.0133|
Synthetic Fertilizers|Belgium|Emissions (N2O) (Synthetic fertilizers)|Synthetic Nitrogen fertilizers|2010|gigagrams N2O-N|3.5653|
Synthetic Fertilizers|Belize|Agricultural Use in nutrients|Synthetic Nitrogen fertilizers|2010|kg of nutrients|2280000|
Synthetic Fertilizers|Belize|Implied emission factor for N2O (Synthetic fertilizers)|Synthetic Nitrogen fertilizers|2010|kg N2O-N/kg N|0.0132|
Synthetic Fertilizers|Belize|Emissions (N2O) (Synthetic fertilizers)|Synthetic Nitrogen fertilizers|2010|gigagrams N2O-N|0.0475|
Synthetic Fertilizers|Benin|Agricultural Use in nutrients|Synthetic Nitrogen fertilizers|2010|kg of nutrients|12079000|
Synthetic Fertilizers|Benin|Implied emission factor for N2O (Synthetic fertilizers)|Synthetic Nitrogen fertilizers|2010|kg N2O-N/kg N|0.0132|
Synthetic Fertilizers|Benin|Emissions (N2O) (Synthetic fertilizers)|Synthetic Nitrogen fertilizers|2010|gigagrams N2O-N|0.2515|
Synthetic Fertilizers|Bhutan|Agricultural Use in nutrients|Synthetic Nitrogen fertilizers|2010|kg of nutrients|686000|
Synthetic Fertilizers|Bhutan|Implied emission factor for N2O (Synthetic fertilizers)|Synthetic Nitrogen fertilizers|2010|kg N2O-N/kg N|0.0133|
Synthetic Fertilizers|Bhutan|Emissions (N2O) (Synthetic fertilizers)|Synthetic Nitrogen fertilizers|2010|gigagrams N2O-N|0.0143|
Synthetic Fertilizers|Bolivia (Plurinational State of)|Agricultural Use in nutrients|Synthetic Nitrogen fertilizers|2010|kg of nutrients|17962000|
Synthetic Fertilizers|Bolivia (Plurinational State of)|Implied emission factor for N2O (Synthetic fertilizers)|Synthetic Nitrogen fertilizers|2010|kg N2O-N/kg N|0.0133|
Synthetic Fertilizers|Bolivia (Plurinational State of)|Emissions (N2O) (Synthetic fertilizers)|Synthetic Nitrogen fertilizers|2010|gigagrams N2O-N|0.374|
Synthetic Fertilizers|Bosnia and Herzegovina|Agricultural Use in nutrients|Synthetic Nitrogen fertilizers|2010|kg of nutrients|61304000|
Synthetic Fertilizers|Bosnia and Herzegovina|Implied emission factor for N2O (Synthetic fertilizers)|Synthetic Nitrogen fertilizers|2010|kg N2O-N/kg N|0.0132|
Synthetic Fertilizers|Bosnia and Herzegovina|Emissions (N2O) (Synthetic fertilizers)|Synthetic Nitrogen fertilizers|2010|gigagrams N2O-N|1.2764|
Synthetic Fertilizers|Botswana|Agricultural Use in nutrients|Synthetic Nitrogen fertilizers|2010|kg of nutrients|19939000|
Synthetic Fertilizers|Botswana|Implied emission factor for N2O (Synthetic fertilizers)|Synthetic Nitrogen fertilizers|2010|kg N2O-N/kg N|0.0133|
Synthetic Fertilizers|Botswana|Emissions (N2O) (Synthetic fertilizers)|Synthetic Nitrogen fertilizers|2010|gigagrams N2O-N|0.4152|
Synthetic Fertilizers|Brazil|Agricultural Use in nutrients|Synthetic Nitrogen fertilizers|2010|kg of nutrients|3091463306.855|
Synthetic Fertilizers|Brazil|Implied emission factor for N2O (Synthetic fertilizers)|Synthetic Nitrogen fertilizers|2010|kg N2O-N/kg N|0.0133|
Synthetic Fertilizers|Brazil|Emissions (N2O) (Synthetic fertilizers)|Synthetic Nitrogen fertilizers|2010|gigagrams N2O-N|64.3687|
Synthetic Fertilizers|Brunei Darussalam|Agricultural Use in nutrients|Synthetic Nitrogen fertilizers|2010|kg of nutrients|604000|
Synthetic Fertilizers|Brunei Darussalam|Implied emission factor for N2O (Synthetic fertilizers)|Synthetic Nitrogen fertilizers|2010|kg N2O-N/kg N|0.0133|
Synthetic Fertilizers|Brunei Darussalam|Emissions (N2O) (Synthetic fertilizers)|Synthetic Nitrogen fertilizers|2010|gigagrams N2O-N|0.0126|
Synthetic Fertilizers|Bulgaria|Agricultural Use in nutrients|Synthetic Nitrogen fertilizers|2010|kg of nutrients|270129000|
Synthetic Fertilizers|Bulgaria|Implied emission factor for N2O (Synthetic fertilizers)|Synthetic Nitrogen fertilizers|2010|kg N2O-N/kg N|0.0133|
Synthetic Fertilizers|Bulgaria|Emissions (N2O) (Synthetic fertilizers)|Synthetic Nitrogen fertilizers|2010|gigagrams N2O-N|5.6245|
Synthetic Fertilizers|Burkina Faso|Agricultural Use in nutrients|Synthetic Nitrogen fertilizers|2010|kg of nutrients|41122000|
Synthetic Fertilizers|Burkina Faso|Implied emission factor for N2O (Synthetic fertilizers)|Synthetic Nitrogen fertilizers|2010|kg N2O-N/kg N|0.0133|
Synthetic Fertilizers|Burkina Faso|Emissions (N2O) (Synthetic fertilizers)|Synthetic Nitrogen fertilizers|2010|gigagrams N2O-N|0.8562|
Synthetic Fertilizers|Burundi|Agricultural Use in nutrients|Synthetic Nitrogen fertilizers|2010|kg of nutrients|1942000|
Synthetic Fertilizers|Burundi|Implied emission factor for N2O (Synthetic fertilizers)|Synthetic Nitrogen fertilizers|2010|kg N2O-N/kg N|0.0132|
Synthetic Fertilizers|Burundi|Emissions (N2O) (Synthetic fertilizers)|Synthetic Nitrogen fertilizers|2010|gigagrams N2O-N|0.0404|
Synthetic Fertilizers|Cambodia|Agricultural Use in nutrients|Synthetic Nitrogen fertilizers|2010|kg of nutrients|21022000|
Synthetic Fertilizers|Cambodia|Implied emission factor for N2O (Synthetic fertilizers)|Synthetic Nitrogen fertilizers|2010|kg N2O-N/kg N|0.0132|
Synthetic Fertilizers|Cambodia|Emissions (N2O) (Synthetic fertilizers)|Synthetic Nitrogen fertilizers|2010|gigagrams N2O-N|0.4377|
Synthetic Fertilizers|Cameroon|Agricultural Use in nutrients|Synthetic Nitrogen fertilizers|2010|kg of nutrients|25457000|
Synthetic Fertilizers|Cameroon|Implied emission factor for N2O (Synthetic fertilizers)|Synthetic Nitrogen fertilizers|2010|kg N2O-N/kg N|0.0133|
Synthetic Fertilizers|Cameroon|Emissions (N2O) (Synthetic fertilizers)|Synthetic Nitrogen fertilizers|2010|gigagrams N2O-N|0.5301|
Synthetic Fertilizers|Canada|Agricultural Use in nutrients|Synthetic Nitrogen fertilizers|2010|kg of nutrients|2051264000|
Synthetic Fertilizers|Canada|Implied emission factor for N2O (Synthetic fertilizers)|Synthetic Nitrogen fertilizers|2010|kg N2O-N/kg N|0.0133|
Synthetic Fertilizers|Canada|Emissions (N2O) (Synthetic fertilizers)|Synthetic Nitrogen fertilizers|2010|gigagrams N2O-N|42.7102|
Synthetic Fertilizers|Central African Republic|Agricultural Use in nutrients|Synthetic Nitrogen fertilizers|2010|kg of nutrients|221674|
Synthetic Fertilizers|Central African Republic|Implied emission factor for N2O (Synthetic fertilizers)|Synthetic Nitrogen fertilizers|2010|kg N2O-N/kg N|0.0132|
Synthetic Fertilizers|Central African Republic|Emissions (N2O) (Synthetic fertilizers)|Synthetic Nitrogen fertilizers|2010|gigagrams N2O-N|0.0046|
Synthetic Fertilizers|Chile|Agricultural Use in nutrients|Synthetic Nitrogen fertilizers|2010|kg of nutrients|348444000|
Synthetic Fertilizers|Chile|Implied emission factor for N2O (Synthetic fertilizers)|Synthetic Nitrogen fertilizers|2010|kg N2O-N/kg N|0.0133|
Synthetic Fertilizers|Chile|Emissions (N2O) (Synthetic fertilizers)|Synthetic Nitrogen fertilizers|2010|gigagrams N2O-N|7.2551|
Synthetic Fertilizers|China|Agricultural Use in nutrients|Synthetic Nitrogen fertilizers|2010|kg of nutrients|29704416950|
Synthetic Fertilizers|China|Implied emission factor for N2O (Synthetic fertilizers)|Synthetic Nitrogen fertilizers|2010|kg N2O-N/kg N|0.0132|
Synthetic Fertilizers|China|Emissions (N2O) (Synthetic fertilizers)|Synthetic Nitrogen fertilizers|2010|gigagrams N2O-N|618.4884|
Synthetic Fertilizers|China, Hong Kong SAR|Agricultural Use in nutrients|Synthetic Nitrogen fertilizers|2010|kg of nutrients|1546000|
Synthetic Fertilizers|China, Hong Kong SAR|Implied emission factor for N2O (Synthetic fertilizers)|Synthetic Nitrogen fertilizers|2010|kg N2O-N/kg N|0.0133|
Synthetic Fertilizers|China, Hong Kong SAR|Emissions (N2O) (Synthetic fertilizers)|Synthetic Nitrogen fertilizers|2010|gigagrams N2O-N|0.0322|
Synthetic Fertilizers|China, mainland|Agricultural Use in nutrients|Synthetic Nitrogen fertilizers|2010|kg of nutrients|29531824950|
Synthetic Fertilizers|China, mainland|Implied emission factor for N2O (Synthetic fertilizers)|Synthetic Nitrogen fertilizers|2010|kg N2O-N/kg N|0.0132|
Synthetic Fertilizers|China, mainland|Emissions (N2O) (Synthetic fertilizers)|Synthetic Nitrogen fertilizers|2010|gigagrams N2O-N|614.8948|
Synthetic Fertilizers|China, Taiwan Province of|Agricultural Use in nutrients|Synthetic Nitrogen fertilizers|2010|kg of nutrients|171046000|
Synthetic Fertilizers|China, Taiwan Province of|Implied emission factor for N2O (Synthetic fertilizers)|Synthetic Nitrogen fertilizers|2010|kg N2O-N/kg N|0.0133|
Synthetic Fertilizers|China, Taiwan Province of|Emissions (N2O) (Synthetic fertilizers)|Synthetic Nitrogen fertilizers|2010|gigagrams N2O-N|3.5614|
Synthetic Fertilizers|Colombia|Agricultural Use in nutrients|Synthetic Nitrogen fertilizers|2010|kg of nutrients|538735000|
Synthetic Fertilizers|Colombia|Implied emission factor for N2O (Synthetic fertilizers)|Synthetic Nitrogen fertilizers|2010|kg N2O-N/kg N|0.0132|
Synthetic Fertilizers|Colombia|Emissions (N2O) (Synthetic fertilizers)|Synthetic Nitrogen fertilizers|2010|gigagrams N2O-N|11.2172|
Synthetic Fertilizers|Congo|Agricultural Use in nutrients|Synthetic Nitrogen fertilizers|2010|kg of nutrients|110000|
Synthetic Fertilizers|Congo|Implied emission factor for N2O (Synthetic fertilizers)|Synthetic Nitrogen fertilizers|2010|kg N2O-N/kg N|0.0132|
Synthetic Fertilizers|Congo|Emissions (N2O) (Synthetic fertilizers)|Synthetic Nitrogen fertilizers|2010|gigagrams N2O-N|0.0023|
Synthetic Fertilizers|Cook Islands|Agricultural Use in nutrients|Synthetic Nitrogen fertilizers|2010|kg of nutrients|7000|
Synthetic Fertilizers|Cook Islands|Implied emission factor for N2O (Synthetic fertilizers)|Synthetic Nitrogen fertilizers|2010|kg N2O-N/kg N|0.0132|
Synthetic Fertilizers|Cook Islands|Emissions (N2O) (Synthetic fertilizers)|Synthetic Nitrogen fertilizers|2010|gigagrams N2O-N|0.0001|
Synthetic Fertilizers|Costa Rica|Agricultural Use in nutrients|Synthetic Nitrogen fertilizers|2010|kg of nutrients|61204539.2|
Synthetic Fertilizers|Costa Rica|Implied emission factor for N2O (Synthetic fertilizers)|Synthetic Nitrogen fertilizers|2010|kg N2O-N/kg N|0.0133|
Synthetic Fertilizers|Costa Rica|Emissions (N2O) (Synthetic fertilizers)|Synthetic Nitrogen fertilizers|2010|gigagrams N2O-N|1.2744|
Synthetic Fertilizers|Côte d'Ivoire|Agricultural Use in nutrients|Synthetic Nitrogen fertilizers|2010|kg of nutrients|26724000|
Synthetic Fertilizers|Côte d'Ivoire|Implied emission factor for N2O (Synthetic fertilizers)|Synthetic Nitrogen fertilizers|2010|kg N2O-N/kg N|0.0133|
Synthetic Fertilizers|Côte d'Ivoire|Emissions (N2O) (Synthetic fertilizers)|Synthetic Nitrogen fertilizers|2010|gigagrams N2O-N|0.5564|
Synthetic Fertilizers|Croatia|Agricultural Use in nutrients|Synthetic Nitrogen fertilizers|2010|kg of nutrients|117400000|
Synthetic Fertilizers|Croatia|Implied emission factor for N2O (Synthetic fertilizers)|Synthetic Nitrogen fertilizers|2010|kg N2O-N/kg N|0.0133|
Synthetic Fertilizers|Croatia|Emissions (N2O) (Synthetic fertilizers)|Synthetic Nitrogen fertilizers|2010|gigagrams N2O-N|2.4444|
Synthetic Fertilizers|Cuba|Agricultural Use in nutrients|Synthetic Nitrogen fertilizers|2010|kg of nutrients|46159000|
Synthetic Fertilizers|Cuba|Implied emission factor for N2O (Synthetic fertilizers)|Synthetic Nitrogen fertilizers|2010|kg N2O-N/kg N|0.0133|
Synthetic Fertilizers|Cuba|Emissions (N2O) (Synthetic fertilizers)|Synthetic Nitrogen fertilizers|2010|gigagrams N2O-N|0.9611|
Synthetic Fertilizers|Cyprus|Agricultural Use in nutrients|Synthetic Nitrogen fertilizers|2010|kg of nutrients|8437000|
Synthetic Fertilizers|Cyprus|Implied emission factor for N2O (Synthetic fertilizers)|Synthetic Nitrogen fertilizers|2010|kg N2O-N/kg N|0.0133|
Synthetic Fertilizers|Cyprus|Emissions (N2O) (Synthetic fertilizers)|Synthetic Nitrogen fertilizers|2010|gigagrams N2O-N|0.1757|
Synthetic Fertilizers|Czechia|Agricultural Use in nutrients|Synthetic Nitrogen fertilizers|2010|kg of nutrients|238554000|
Synthetic Fertilizers|Czechia|Implied emission factor for N2O (Synthetic fertilizers)|Synthetic Nitrogen fertilizers|2010|kg N2O-N/kg N|0.0133|
Synthetic Fertilizers|Czechia|Emissions (N2O) (Synthetic fertilizers)|Synthetic Nitrogen fertilizers|2010|gigagrams N2O-N|4.967|
Synthetic Fertilizers|Democratic Republic of the Congo|Agricultural Use in nutrients|Synthetic Nitrogen fertilizers|2010|kg of nutrients|4676000|
Synthetic Fertilizers|Democratic Republic of the Congo|Implied emission factor for N2O (Synthetic fertilizers)|Synthetic Nitrogen fertilizers|2010|kg N2O-N/kg N|0.0133|
Synthetic Fertilizers|Democratic Republic of the Congo|Emissions (N2O) (Synthetic fertilizers)|Synthetic Nitrogen fertilizers|2010|gigagrams N2O-N|0.0974|
Synthetic Fertilizers|Denmark|Agricultural Use in nutrients|Synthetic Nitrogen fertilizers|2010|kg of nutrients|180105000|
Synthetic Fertilizers|Denmark|Implied emission factor for N2O (Synthetic fertilizers)|Synthetic Nitrogen fertilizers|2010|kg N2O-N/kg N|0.0132|
Synthetic Fertilizers|Denmark|Emissions (N2O) (Synthetic fertilizers)|Synthetic Nitrogen fertilizers|2010|gigagrams N2O-N|3.75|
Synthetic Fertilizers|Dominica|Agricultural Use in nutrients|Synthetic Nitrogen fertilizers|2010|kg of nutrients|114000|
Synthetic Fertilizers|Dominica|Implied emission factor for N2O (Synthetic fertilizers)|Synthetic Nitrogen fertilizers|2010|kg N2O-N/kg N|0.0133|
Synthetic Fertilizers|Dominica|Emissions (N2O) (Synthetic fertilizers)|Synthetic Nitrogen fertilizers|2010|gigagrams N2O-N|0.0024|
Synthetic Fertilizers|Dominican Republic|Agricultural Use in nutrients|Synthetic Nitrogen fertilizers|2010|kg of nutrients|54065000|
Synthetic Fertilizers|Dominican Republic|Implied emission factor for N2O (Synthetic fertilizers)|Synthetic Nitrogen fertilizers|2010|kg N2O-N/kg N|0.0132|
Synthetic Fertilizers|Dominican Republic|Emissions (N2O) (Synthetic fertilizers)|Synthetic Nitrogen fertilizers|2010|gigagrams N2O-N|1.1257|
Synthetic Fertilizers|Ecuador|Agricultural Use in nutrients|Synthetic Nitrogen fertilizers|2010|kg of nutrients|159096000|
Synthetic Fertilizers|Ecuador|Implied emission factor for N2O (Synthetic fertilizers)|Synthetic Nitrogen fertilizers|2010|kg N2O-N/kg N|0.0132|
Synthetic Fertilizers|Ecuador|Emissions (N2O) (Synthetic fertilizers)|Synthetic Nitrogen fertilizers|2010|gigagrams N2O-N|3.3126|
Synthetic Fertilizers|Egypt|Agricultural Use in nutrients|Synthetic Nitrogen fertilizers|2010|kg of nutrients|1419020000|
Synthetic Fertilizers|Egypt|Implied emission factor for N2O (Synthetic fertilizers)|Synthetic Nitrogen fertilizers|2010|kg N2O-N/kg N|0.0133|
Synthetic Fertilizers|Egypt|Emissions (N2O) (Synthetic fertilizers)|Synthetic Nitrogen fertilizers|2010|gigagrams N2O-N|29.546|
Synthetic Fertilizers|El Salvador|Agricultural Use in nutrients|Synthetic Nitrogen fertilizers|2010|kg of nutrients|73674000|
Synthetic Fertilizers|El Salvador|Implied emission factor for N2O (Synthetic fertilizers)|Synthetic Nitrogen fertilizers|2010|kg N2O-N/kg N|0.0133|
Synthetic Fertilizers|El Salvador|Emissions (N2O) (Synthetic fertilizers)|Synthetic Nitrogen fertilizers|2010|gigagrams N2O-N|1.534|
Synthetic Fertilizers|Eritrea|Agricultural Use in nutrients|Synthetic Nitrogen fertilizers|2010|kg of nutrients|280000|
Synthetic Fertilizers|Eritrea|Implied emission factor for N2O (Synthetic fertilizers)|Synthetic Nitrogen fertilizers|2010|kg N2O-N/kg N|0.0133|
Synthetic Fertilizers|Eritrea|Emissions (N2O) (Synthetic fertilizers)|Synthetic Nitrogen fertilizers|2010|gigagrams N2O-N|0.0058|
Synthetic Fertilizers|Estonia|Agricultural Use in nutrients|Synthetic Nitrogen fertilizers|2010|kg of nutrients|28628000|
Synthetic Fertilizers|Estonia|Implied emission factor for N2O (Synthetic fertilizers)|Synthetic Nitrogen fertilizers|2010|kg N2O-N/kg N|0.0133|
Synthetic Fertilizers|Estonia|Emissions (N2O) (Synthetic fertilizers)|Synthetic Nitrogen fertilizers|2010|gigagrams N2O-N|0.5961|
Synthetic Fertilizers|Ethiopia|Agricultural Use in nutrients|Synthetic Nitrogen fertilizers|2010|kg of nutrients|156141000|
Synthetic Fertilizers|Ethiopia|Implied emission factor for N2O (Synthetic fertilizers)|Synthetic Nitrogen fertilizers|2010|kg N2O-N/kg N|0.0133|
Synthetic Fertilizers|Ethiopia|Emissions (N2O) (Synthetic fertilizers)|Synthetic Nitrogen fertilizers|2010|gigagrams N2O-N|3.2511|
Synthetic Fertilizers|Fiji|Agricultural Use in nutrients|Synthetic Nitrogen fertilizers|2010|kg of nutrients|2435000|
Synthetic Fertilizers|Fiji|Implied emission factor for N2O (Synthetic fertilizers)|Synthetic Nitrogen fertilizers|2010|kg N2O-N/kg N|0.0133|
Synthetic Fertilizers|Fiji|Emissions (N2O) (Synthetic fertilizers)|Synthetic Nitrogen fertilizers|2010|gigagrams N2O-N|0.0507|
Synthetic Fertilizers|Finland|Agricultural Use in nutrients|Synthetic Nitrogen fertilizers|2010|kg of nutrients|210967000|
Synthetic Fertilizers|Finland|Implied emission factor for N2O (Synthetic fertilizers)|Synthetic Nitrogen fertilizers|2010|kg N2O-N/kg N|0.0133|
Synthetic Fertilizers|Finland|Emissions (N2O) (Synthetic fertilizers)|Synthetic Nitrogen fertilizers|2010|gigagrams N2O-N|4.3926|
Synthetic Fertilizers|France|Agricultural Use in nutrients|Synthetic Nitrogen fertilizers|2010|kg of nutrients|2043000000|
Synthetic Fertilizers|France|Implied emission factor for N2O (Synthetic fertilizers)|Synthetic Nitrogen fertilizers|2010|kg N2O-N/kg N|0.0133|
Synthetic Fertilizers|France|Emissions (N2O) (Synthetic fertilizers)|Synthetic Nitrogen fertilizers|2010|gigagrams N2O-N|42.5382|
Synthetic Fertilizers|French Polynesia|Agricultural Use in nutrients|Synthetic Nitrogen fertilizers|2010|kg of nutrients|359000|
Synthetic Fertilizers|French Polynesia|Implied emission factor for N2O (Synthetic fertilizers)|Synthetic Nitrogen fertilizers|2010|kg N2O-N/kg N|0.0133|
Synthetic Fertilizers|French Polynesia|Emissions (N2O) (Synthetic fertilizers)|Synthetic Nitrogen fertilizers|2010|gigagrams N2O-N|0.0075|
Synthetic Fertilizers|Gabon|Agricultural Use in nutrients|Synthetic Nitrogen fertilizers|2010|kg of nutrients|593000|
Synthetic Fertilizers|Gabon|Implied emission factor for N2O (Synthetic fertilizers)|Synthetic Nitrogen fertilizers|2010|kg N2O-N/kg N|0.0133|
Synthetic Fertilizers|Gabon|Emissions (N2O) (Synthetic fertilizers)|Synthetic Nitrogen fertilizers|2010|gigagrams N2O-N|0.0123|
Synthetic Fertilizers|Gambia|Agricultural Use in nutrients|Synthetic Nitrogen fertilizers|2010|kg of nutrients|1785000|
Synthetic Fertilizers|Gambia|Implied emission factor for N2O (Synthetic fertilizers)|Synthetic Nitrogen fertilizers|2010|kg N2O-N/kg N|0.0132|
Synthetic Fertilizers|Gambia|Emissions (N2O) (Synthetic fertilizers)|Synthetic Nitrogen fertilizers|2010|gigagrams N2O-N|0.0372|
Synthetic Fertilizers|Georgia|Agricultural Use in nutrients|Synthetic Nitrogen fertilizers|2010|kg of nutrients|12913000|
Synthetic Fertilizers|Georgia|Implied emission factor for N2O (Synthetic fertilizers)|Synthetic Nitrogen fertilizers|2010|kg N2O-N/kg N|0.0133|
Synthetic Fertilizers|Georgia|Emissions (N2O) (Synthetic fertilizers)|Synthetic Nitrogen fertilizers|2010|gigagrams N2O-N|0.2689|
Synthetic Fertilizers|Germany|Agricultural Use in nutrients|Synthetic Nitrogen fertilizers|2010|kg of nutrients|1786485000|
Synthetic Fertilizers|Germany|Implied emission factor for N2O (Synthetic fertilizers)|Synthetic Nitrogen fertilizers|2010|kg N2O-N/kg N|0.0133|
Synthetic Fertilizers|Germany|Emissions (N2O) (Synthetic fertilizers)|Synthetic Nitrogen fertilizers|2010|gigagrams N2O-N|37.1972|
Synthetic Fertilizers|Ghana|Agricultural Use in nutrients|Synthetic Nitrogen fertilizers|2010|kg of nutrients|24835000|
Synthetic Fertilizers|Ghana|Implied emission factor for N2O (Synthetic fertilizers)|Synthetic Nitrogen fertilizers|2010|kg N2O-N/kg N|0.0133|
Synthetic Fertilizers|Ghana|Emissions (N2O) (Synthetic fertilizers)|Synthetic Nitrogen fertilizers|2010|gigagrams N2O-N|0.5171|
Synthetic Fertilizers|Greece|Agricultural Use in nutrients|Synthetic Nitrogen fertilizers|2010|kg of nutrients|177135000|
Synthetic Fertilizers|Greece|Implied emission factor for N2O (Synthetic fertilizers)|Synthetic Nitrogen fertilizers|2010|kg N2O-N/kg N|0.0132|
Synthetic Fertilizers|Greece|Emissions (N2O) (Synthetic fertilizers)|Synthetic Nitrogen fertilizers|2010|gigagrams N2O-N|3.6882|
Synthetic Fertilizers|Guatemala|Agricultural Use in nutrients|Synthetic Nitrogen fertilizers|2010|kg of nutrients|142138000|
Synthetic Fertilizers|Guatemala|Implied emission factor for N2O (Synthetic fertilizers)|Synthetic Nitrogen fertilizers|2010|kg N2O-N/kg N|0.0133|
Synthetic Fertilizers|Guatemala|Emissions (N2O) (Synthetic fertilizers)|Synthetic Nitrogen fertilizers|2010|gigagrams N2O-N|2.9595|
Synthetic Fertilizers|Guinea|Agricultural Use in nutrients|Synthetic Nitrogen fertilizers|2010|kg of nutrients|2528000|
Synthetic Fertilizers|Guinea|Implied emission factor for N2O (Synthetic fertilizers)|Synthetic Nitrogen fertilizers|2010|kg N2O-N/kg N|0.0133|
Synthetic Fertilizers|Guinea|Emissions (N2O) (Synthetic fertilizers)|Synthetic Nitrogen fertilizers|2010|gigagrams N2O-N|0.0526|
Synthetic Fertilizers|Guyana|Agricultural Use in nutrients|Synthetic Nitrogen fertilizers|2010|kg of nutrients|14136000|
Synthetic Fertilizers|Guyana|Implied emission factor for N2O (Synthetic fertilizers)|Synthetic Nitrogen fertilizers|2010|kg N2O-N/kg N|0.0132|
Synthetic Fertilizers|Guyana|Emissions (N2O) (Synthetic fertilizers)|Synthetic Nitrogen fertilizers|2010|gigagrams N2O-N|0.2943|
Synthetic Fertilizers|Honduras|Agricultural Use in nutrients|Synthetic Nitrogen fertilizers|2010|kg of nutrients|50346000|
Synthetic Fertilizers|Honduras|Implied emission factor for N2O (Synthetic fertilizers)|Synthetic Nitrogen fertilizers|2010|kg N2O-N/kg N|0.0132|
Synthetic Fertilizers|Honduras|Emissions (N2O) (Synthetic fertilizers)|Synthetic Nitrogen fertilizers|2010|gigagrams N2O-N|1.0483|
Synthetic Fertilizers|Hungary|Agricultural Use in nutrients|Synthetic Nitrogen fertilizers|2010|kg of nutrients|272572000|
Synthetic Fertilizers|Hungary|Implied emission factor for N2O (Synthetic fertilizers)|Synthetic Nitrogen fertilizers|2010|kg N2O-N/kg N|0.0133|
Synthetic Fertilizers|Hungary|Emissions (N2O) (Synthetic fertilizers)|Synthetic Nitrogen fertilizers|2010|gigagrams N2O-N|5.6753|
Synthetic Fertilizers|Iceland|Agricultural Use in nutrients|Synthetic Nitrogen fertilizers|2010|kg of nutrients|7590000|
Synthetic Fertilizers|Iceland|Implied emission factor for N2O (Synthetic fertilizers)|Synthetic Nitrogen fertilizers|2010|kg N2O-N/kg N|0.0133|
Synthetic Fertilizers|Iceland|Emissions (N2O) (Synthetic fertilizers)|Synthetic Nitrogen fertilizers|2010|gigagrams N2O-N|0.158|
Synthetic Fertilizers|India|Agricultural Use in nutrients|Synthetic Nitrogen fertilizers|2010|kg of nutrients|16450653000|
Synthetic Fertilizers|India|Implied emission factor for N2O (Synthetic fertilizers)|Synthetic Nitrogen fertilizers|2010|kg N2O-N/kg N|0.0133|
Synthetic Fertilizers|India|Emissions (N2O) (Synthetic fertilizers)|Synthetic Nitrogen fertilizers|2010|gigagrams N2O-N|342.5261|
Synthetic Fertilizers|Indonesia|Agricultural Use in nutrients|Synthetic Nitrogen fertilizers|2010|kg of nutrients|2784573000|
Synthetic Fertilizers|Indonesia|Implied emission factor for N2O (Synthetic fertilizers)|Synthetic Nitrogen fertilizers|2010|kg N2O-N/kg N|0.0132|
Synthetic Fertilizers|Indonesia|Emissions (N2O) (Synthetic fertilizers)|Synthetic Nitrogen fertilizers|2010|gigagrams N2O-N|57.9788|
Synthetic Fertilizers|Iran (Islamic Republic of)|Agricultural Use in nutrients|Synthetic Nitrogen fertilizers|2010|kg of nutrients|943706665|
Synthetic Fertilizers|Iran (Islamic Republic of)|Implied emission factor for N2O (Synthetic fertilizers)|Synthetic Nitrogen fertilizers|2010|kg N2O-N/kg N|0.0133|
Synthetic Fertilizers|Iran (Islamic Republic of)|Emissions (N2O) (Synthetic fertilizers)|Synthetic Nitrogen fertilizers|2010|gigagrams N2O-N|19.6493|
Synthetic Fertilizers|Iraq|Agricultural Use in nutrients|Synthetic Nitrogen fertilizers|2010|kg of nutrients|107980000|
Synthetic Fertilizers|Iraq|Implied emission factor for N2O (Synthetic fertilizers)|Synthetic Nitrogen fertilizers|2010|kg N2O-N/kg N|0.0133|
Synthetic Fertilizers|Iraq|Emissions (N2O) (Synthetic fertilizers)|Synthetic Nitrogen fertilizers|2010|gigagrams N2O-N|2.2483|
Synthetic Fertilizers|Ireland|Agricultural Use in nutrients|Synthetic Nitrogen fertilizers|2010|kg of nutrients|313649000|
Synthetic Fertilizers|Ireland|Implied emission factor for N2O (Synthetic fertilizers)|Synthetic Nitrogen fertilizers|2010|kg N2O-N/kg N|0.0133|
Synthetic Fertilizers|Ireland|Emissions (N2O) (Synthetic fertilizers)|Synthetic Nitrogen fertilizers|2010|gigagrams N2O-N|6.5306|
Synthetic Fertilizers|Israel|Agricultural Use in nutrients|Synthetic Nitrogen fertilizers|2010|kg of nutrients|30200000|
Synthetic Fertilizers|Israel|Implied emission factor for N2O (Synthetic fertilizers)|Synthetic Nitrogen fertilizers|2010|kg N2O-N/kg N|0.0133|
Synthetic Fertilizers|Israel|Emissions (N2O) (Synthetic fertilizers)|Synthetic Nitrogen fertilizers|2010|gigagrams N2O-N|0.6288|
Synthetic Fertilizers|Italy|Agricultural Use in nutrients|Synthetic Nitrogen fertilizers|2010|kg of nutrients|498605000|
Synthetic Fertilizers|Italy|Implied emission factor for N2O (Synthetic fertilizers)|Synthetic Nitrogen fertilizers|2010|kg N2O-N/kg N|0.0133|
Synthetic Fertilizers|Italy|Emissions (N2O) (Synthetic fertilizers)|Synthetic Nitrogen fertilizers|2010|gigagrams N2O-N|10.3817|
Synthetic Fertilizers|Jamaica|Agricultural Use in nutrients|Synthetic Nitrogen fertilizers|2010|kg of nutrients|4826000|
Synthetic Fertilizers|Jamaica|Implied emission factor for N2O (Synthetic fertilizers)|Synthetic Nitrogen fertilizers|2010|kg N2O-N/kg N|0.0132|
Synthetic Fertilizers|Jamaica|Emissions (N2O) (Synthetic fertilizers)|Synthetic Nitrogen fertilizers|2010|gigagrams N2O-N|0.1005|
Synthetic Fertilizers|Japan|Agricultural Use in nutrients|Synthetic Nitrogen fertilizers|2010|kg of nutrients|449471000|
Synthetic Fertilizers|Japan|Implied emission factor for N2O (Synthetic fertilizers)|Synthetic Nitrogen fertilizers|2010|kg N2O-N/kg N|0.0133|
Synthetic Fertilizers|Japan|Emissions (N2O) (Synthetic fertilizers)|Synthetic Nitrogen fertilizers|2010|gigagrams N2O-N|9.3586|
Synthetic Fertilizers|Jordan|Agricultural Use in nutrients|Synthetic Nitrogen fertilizers|2010|kg of nutrients|15799000|
Synthetic Fertilizers|Jordan|Implied emission factor for N2O (Synthetic fertilizers)|Synthetic Nitrogen fertilizers|2010|kg N2O-N/kg N|0.0133|
Synthetic Fertilizers|Jordan|Emissions (N2O) (Synthetic fertilizers)|Synthetic Nitrogen fertilizers|2010|gigagrams N2O-N|0.329|
Synthetic Fertilizers|Kazakhstan|Agricultural Use in nutrients|Synthetic Nitrogen fertilizers|2010|kg of nutrients|40701000|
Synthetic Fertilizers|Kazakhstan|Implied emission factor for N2O (Synthetic fertilizers)|Synthetic Nitrogen fertilizers|2010|kg N2O-N/kg N|0.0133|
Synthetic Fertilizers|Kazakhstan|Emissions (N2O) (Synthetic fertilizers)|Synthetic Nitrogen fertilizers|2010|gigagrams N2O-N|0.8475|
Synthetic Fertilizers|Kenya|Agricultural Use in nutrients|Synthetic Nitrogen fertilizers|2010|kg of nutrients|70788000|
Synthetic Fertilizers|Kenya|Implied emission factor for N2O (Synthetic fertilizers)|Synthetic Nitrogen fertilizers|2010|kg N2O-N/kg N|0.0132|
Synthetic Fertilizers|Kenya|Emissions (N2O) (Synthetic fertilizers)|Synthetic Nitrogen fertilizers|2010|gigagrams N2O-N|1.4739|
Synthetic Fertilizers|Kuwait|Agricultural Use in nutrients|Synthetic Nitrogen fertilizers|2010|kg of nutrients|0|
Synthetic Fertilizers|Kuwait|Emissions (N2O) (Synthetic fertilizers)|Synthetic Nitrogen fertilizers|2010|gigagrams N2O-N|0|
Synthetic Fertilizers|Kyrgyzstan|Agricultural Use in nutrients|Synthetic Nitrogen fertilizers|2010|kg of nutrients|25714000|
Synthetic Fertilizers|Kyrgyzstan|Implied emission factor for N2O (Synthetic fertilizers)|Synthetic Nitrogen fertilizers|2010|kg N2O-N/kg N|0.0132|
Synthetic Fertilizers|Kyrgyzstan|Emissions (N2O) (Synthetic fertilizers)|Synthetic Nitrogen fertilizers|2010|gigagrams N2O-N|0.5354|
Synthetic Fertilizers|Latvia|Agricultural Use in nutrients|Synthetic Nitrogen fertilizers|2010|kg of nutrients|58643000|
Synthetic Fertilizers|Latvia|Implied emission factor for N2O (Synthetic fertilizers)|Synthetic Nitrogen fertilizers|2010|kg N2O-N/kg N|0.0133|
Synthetic Fertilizers|Latvia|Emissions (N2O) (Synthetic fertilizers)|Synthetic Nitrogen fertilizers|2010|gigagrams N2O-N|1.221|
Synthetic Fertilizers|Lebanon|Agricultural Use in nutrients|Synthetic Nitrogen fertilizers|2010|kg of nutrients|17606647.52|
Synthetic Fertilizers|Lebanon|Implied emission factor for N2O (Synthetic fertilizers)|Synthetic Nitrogen fertilizers|2010|kg N2O-N/kg N|0.0132|
Synthetic Fertilizers|Lebanon|Emissions (N2O) (Synthetic fertilizers)|Synthetic Nitrogen fertilizers|2010|gigagrams N2O-N|0.3666|
Synthetic Fertilizers|Libya|Agricultural Use in nutrients|Synthetic Nitrogen fertilizers|2010|kg of nutrients|32000000|
Synthetic Fertilizers|Libya|Implied emission factor for N2O (Synthetic fertilizers)|Synthetic Nitrogen fertilizers|2010|kg N2O-N/kg N|0.0133|
Synthetic Fertilizers|Libya|Emissions (N2O) (Synthetic fertilizers)|Synthetic Nitrogen fertilizers|2010|gigagrams N2O-N|0.6663|
Synthetic Fertilizers|Lithuania|Agricultural Use in nutrients|Synthetic Nitrogen fertilizers|2010|kg of nutrients|107016000|
Synthetic Fertilizers|Lithuania|Implied emission factor for N2O (Synthetic fertilizers)|Synthetic Nitrogen fertilizers|2010|kg N2O-N/kg N|0.0133|
Synthetic Fertilizers|Lithuania|Emissions (N2O) (Synthetic fertilizers)|Synthetic Nitrogen fertilizers|2010|gigagrams N2O-N|2.2282|
Synthetic Fertilizers|Luxembourg|Agricultural Use in nutrients|Synthetic Nitrogen fertilizers|2010|kg of nutrients|13766000|
Synthetic Fertilizers|Luxembourg|Implied emission factor for N2O (Synthetic fertilizers)|Synthetic Nitrogen fertilizers|2010|kg N2O-N/kg N|0.0133|
Synthetic Fertilizers|Luxembourg|Emissions (N2O) (Synthetic fertilizers)|Synthetic Nitrogen fertilizers|2010|gigagrams N2O-N|0.2866|
Synthetic Fertilizers|Madagascar|Agricultural Use in nutrients|Synthetic Nitrogen fertilizers|2010|kg of nutrients|4577512.235|
Synthetic Fertilizers|Madagascar|Implied emission factor for N2O (Synthetic fertilizers)|Synthetic Nitrogen fertilizers|2010|kg N2O-N/kg N|0.0133|
Synthetic Fertilizers|Madagascar|Emissions (N2O) (Synthetic fertilizers)|Synthetic Nitrogen fertilizers|2010|gigagrams N2O-N|0.0953|
Synthetic Fertilizers|Malawi|Agricultural Use in nutrients|Synthetic Nitrogen fertilizers|2010|kg of nutrients|96533000|
Synthetic Fertilizers|Malawi|Implied emission factor for N2O (Synthetic fertilizers)|Synthetic Nitrogen fertilizers|2010|kg N2O-N/kg N|0.0133|
Synthetic Fertilizers|Malawi|Emissions (N2O) (Synthetic fertilizers)|Synthetic Nitrogen fertilizers|2010|gigagrams N2O-N|2.01|
Synthetic Fertilizers|Malaysia|Agricultural Use in nutrients|Synthetic Nitrogen fertilizers|2010|kg of nutrients|660849000|
Synthetic Fertilizers|Malaysia|Implied emission factor for N2O (Synthetic fertilizers)|Synthetic Nitrogen fertilizers|2010|kg N2O-N/kg N|0.0133|
Synthetic Fertilizers|Malaysia|Emissions (N2O) (Synthetic fertilizers)|Synthetic Nitrogen fertilizers|2010|gigagrams N2O-N|13.7598|
Synthetic Fertilizers|Maldives|Agricultural Use in nutrients|Synthetic Nitrogen fertilizers|2010|kg of nutrients|127000|
Synthetic Fertilizers|Maldives|Implied emission factor for N2O (Synthetic fertilizers)|Synthetic Nitrogen fertilizers|2010|kg N2O-N/kg N|0.0132|
Synthetic Fertilizers|Maldives|Emissions (N2O) (Synthetic fertilizers)|Synthetic Nitrogen fertilizers|2010|gigagrams N2O-N|0.0026|
Synthetic Fertilizers|Mali|Agricultural Use in nutrients|Synthetic Nitrogen fertilizers|2010|kg of nutrients|77893000|
Synthetic Fertilizers|Mali|Implied emission factor for N2O (Synthetic fertilizers)|Synthetic Nitrogen fertilizers|2010|kg N2O-N/kg N|0.0133|
Synthetic Fertilizers|Mali|Emissions (N2O) (Synthetic fertilizers)|Synthetic Nitrogen fertilizers|2010|gigagrams N2O-N|1.6218|
Synthetic Fertilizers|Malta|Agricultural Use in nutrients|Synthetic Nitrogen fertilizers|2010|kg of nutrients|410000|
Synthetic Fertilizers|Malta|Implied emission factor for N2O (Synthetic fertilizers)|Synthetic Nitrogen fertilizers|2010|kg N2O-N/kg N|0.0132|
Synthetic Fertilizers|Malta|Emissions (N2O) (Synthetic fertilizers)|Synthetic Nitrogen fertilizers|2010|gigagrams N2O-N|0.0085|
Synthetic Fertilizers|Marshall Islands|Agricultural Use in nutrients|Synthetic Nitrogen fertilizers|2010|kg of nutrients|885.7143|
Synthetic Fertilizers|Marshall Islands|Implied emission factor for N2O (Synthetic fertilizers)|Synthetic Nitrogen fertilizers|2010|kg N2O-N/kg N|0.0133|
Synthetic Fertilizers|Marshall Islands|Emissions (N2O) (Synthetic fertilizers)|Synthetic Nitrogen fertilizers|2010|gigagrams N2O-N|0|
Synthetic Fertilizers|Mauritius|Agricultural Use in nutrients|Synthetic Nitrogen fertilizers|2010|kg of nutrients|5125000|
Synthetic Fertilizers|Mauritius|Implied emission factor for N2O (Synthetic fertilizers)|Synthetic Nitrogen fertilizers|2010|kg N2O-N/kg N|0.0133|
Synthetic Fertilizers|Mauritius|Emissions (N2O) (Synthetic fertilizers)|Synthetic Nitrogen fertilizers|2010|gigagrams N2O-N|0.1067|
Synthetic Fertilizers|Mexico|Agricultural Use in nutrients|Synthetic Nitrogen fertilizers|2010|kg of nutrients|1074653000|
Synthetic Fertilizers|Mexico|Implied emission factor for N2O (Synthetic fertilizers)|Synthetic Nitrogen fertilizers|2010|kg N2O-N/kg N|0.0133|
Synthetic Fertilizers|Mexico|Emissions (N2O) (Synthetic fertilizers)|Synthetic Nitrogen fertilizers|2010|gigagrams N2O-N|22.3758|
Synthetic Fertilizers|Mongolia|Agricultural Use in nutrients|Synthetic Nitrogen fertilizers|2010|kg of nutrients|11026000|
Synthetic Fertilizers|Mongolia|Implied emission factor for N2O (Synthetic fertilizers)|Synthetic Nitrogen fertilizers|2010|kg N2O-N/kg N|0.0133|
Synthetic Fertilizers|Mongolia|Emissions (N2O) (Synthetic fertilizers)|Synthetic Nitrogen fertilizers|2010|gigagrams N2O-N|0.2296|
Synthetic Fertilizers|Montenegro|Agricultural Use in nutrients|Synthetic Nitrogen fertilizers|2010|kg of nutrients|1360000|
Synthetic Fertilizers|Montenegro|Implied emission factor for N2O (Synthetic fertilizers)|Synthetic Nitrogen fertilizers|2010|kg N2O-N/kg N|0.0133|
Synthetic Fertilizers|Montenegro|Emissions (N2O) (Synthetic fertilizers)|Synthetic Nitrogen fertilizers|2010|gigagrams N2O-N|0.0283|
Synthetic Fertilizers|Morocco|Agricultural Use in nutrients|Synthetic Nitrogen fertilizers|2010|kg of nutrients|220293000|
Synthetic Fertilizers|Morocco|Implied emission factor for N2O (Synthetic fertilizers)|Synthetic Nitrogen fertilizers|2010|kg N2O-N/kg N|0.0133|
Synthetic Fertilizers|Morocco|Emissions (N2O) (Synthetic fertilizers)|Synthetic Nitrogen fertilizers|2010|gigagrams N2O-N|4.5868|
Synthetic Fertilizers|Mozambique|Agricultural Use in nutrients|Synthetic Nitrogen fertilizers|2010|kg of nutrients|43385000|
Synthetic Fertilizers|Mozambique|Implied emission factor for N2O (Synthetic fertilizers)|Synthetic Nitrogen fertilizers|2010|kg N2O-N/kg N|0.0132|
Synthetic Fertilizers|Mozambique|Emissions (N2O) (Synthetic fertilizers)|Synthetic Nitrogen fertilizers|2010|gigagrams N2O-N|0.9033|
Synthetic Fertilizers|Myanmar|Agricultural Use in nutrients|Synthetic Nitrogen fertilizers|2010|kg of nutrients|51300000|
Synthetic Fertilizers|Myanmar|Implied emission factor for N2O (Synthetic fertilizers)|Synthetic Nitrogen fertilizers|2010|kg N2O-N/kg N|0.0133|
Synthetic Fertilizers|Myanmar|Emissions (N2O) (Synthetic fertilizers)|Synthetic Nitrogen fertilizers|2010|gigagrams N2O-N|1.0681|
Synthetic Fertilizers|Namibia|Agricultural Use in nutrients|Synthetic Nitrogen fertilizers|2010|kg of nutrients|2849000|
Synthetic Fertilizers|Namibia|Implied emission factor for N2O (Synthetic fertilizers)|Synthetic Nitrogen fertilizers|2010|kg N2O-N/kg N|0.0133|
Synthetic Fertilizers|Namibia|Emissions (N2O) (Synthetic fertilizers)|Synthetic Nitrogen fertilizers|2010|gigagrams N2O-N|0.0593|
Synthetic Fertilizers|Nepal|Agricultural Use in nutrients|Synthetic Nitrogen fertilizers|2010|kg of nutrients|43148000|
Synthetic Fertilizers|Nepal|Implied emission factor for N2O (Synthetic fertilizers)|Synthetic Nitrogen fertilizers|2010|kg N2O-N/kg N|0.0133|
Synthetic Fertilizers|Nepal|Emissions (N2O) (Synthetic fertilizers)|Synthetic Nitrogen fertilizers|2010|gigagrams N2O-N|0.8984|
Synthetic Fertilizers|Netherlands|Agricultural Use in nutrients|Synthetic Nitrogen fertilizers|2010|kg of nutrients|217959000|
Synthetic Fertilizers|Netherlands|Implied emission factor for N2O (Synthetic fertilizers)|Synthetic Nitrogen fertilizers|2010|kg N2O-N/kg N|0.0133|
Synthetic Fertilizers|Netherlands|Emissions (N2O) (Synthetic fertilizers)|Synthetic Nitrogen fertilizers|2010|gigagrams N2O-N|4.5382|
Synthetic Fertilizers|New Caledonia|Agricultural Use in nutrients|Synthetic Nitrogen fertilizers|2010|kg of nutrients|559000|
Synthetic Fertilizers|New Caledonia|Implied emission factor for N2O (Synthetic fertilizers)|Synthetic Nitrogen fertilizers|2010|kg N2O-N/kg N|0.0133|
Synthetic Fertilizers|New Caledonia|Emissions (N2O) (Synthetic fertilizers)|Synthetic Nitrogen fertilizers|2010|gigagrams N2O-N|0.0116|
Synthetic Fertilizers|New Zealand|Agricultural Use in nutrients|Synthetic Nitrogen fertilizers|2010|kg of nutrients|246235000|
Synthetic Fertilizers|New Zealand|Implied emission factor for N2O (Synthetic fertilizers)|Synthetic Nitrogen fertilizers|2010|kg N2O-N/kg N|0.0133|
Synthetic Fertilizers|New Zealand|Emissions (N2O) (Synthetic fertilizers)|Synthetic Nitrogen fertilizers|2010|gigagrams N2O-N|5.127|
Synthetic Fertilizers|Nicaragua|Agricultural Use in nutrients|Synthetic Nitrogen fertilizers|2010|kg of nutrients|39863000|
Synthetic Fertilizers|Nicaragua|Implied emission factor for N2O (Synthetic fertilizers)|Synthetic Nitrogen fertilizers|2010|kg N2O-N/kg N|0.0132|
Synthetic Fertilizers|Nicaragua|Emissions (N2O) (Synthetic fertilizers)|Synthetic Nitrogen fertilizers|2010|gigagrams N2O-N|0.83|
Synthetic Fertilizers|Niger|Agricultural Use in nutrients|Synthetic Nitrogen fertilizers|2010|kg of nutrients|4829000|
Synthetic Fertilizers|Niger|Implied emission factor for N2O (Synthetic fertilizers)|Synthetic Nitrogen fertilizers|2010|kg N2O-N/kg N|0.0133|
Synthetic Fertilizers|Niger|Emissions (N2O) (Synthetic fertilizers)|Synthetic Nitrogen fertilizers|2010|gigagrams N2O-N|0.1005|
Synthetic Fertilizers|Nigeria|Agricultural Use in nutrients|Synthetic Nitrogen fertilizers|2010|kg of nutrients|263151000|
Synthetic Fertilizers|Nigeria|Implied emission factor for N2O (Synthetic fertilizers)|Synthetic Nitrogen fertilizers|2010|kg N2O-N/kg N|0.0133|
Synthetic Fertilizers|Nigeria|Emissions (N2O) (Synthetic fertilizers)|Synthetic Nitrogen fertilizers|2010|gigagrams N2O-N|5.4792|
Synthetic Fertilizers|North Macedonia|Agricultural Use in nutrients|Synthetic Nitrogen fertilizers|2010|kg of nutrients|19444000|
Synthetic Fertilizers|North Macedonia|Implied emission factor for N2O (Synthetic fertilizers)|Synthetic Nitrogen fertilizers|2010|kg N2O-N/kg N|0.0133|
Synthetic Fertilizers|North Macedonia|Emissions (N2O) (Synthetic fertilizers)|Synthetic Nitrogen fertilizers|2010|gigagrams N2O-N|0.4049|
Synthetic Fertilizers|Norway|Agricultural Use in nutrients|Synthetic Nitrogen fertilizers|2010|kg of nutrients|85366000|
Synthetic Fertilizers|Norway|Implied emission factor for N2O (Synthetic fertilizers)|Synthetic Nitrogen fertilizers|2010|kg N2O-N/kg N|0.0132|
Synthetic Fertilizers|Norway|Emissions (N2O) (Synthetic fertilizers)|Synthetic Nitrogen fertilizers|2010|gigagrams N2O-N|1.7774|
Synthetic Fertilizers|Oman|Agricultural Use in nutrients|Synthetic Nitrogen fertilizers|2010|kg of nutrients|1255000|
Synthetic Fertilizers|Oman|Implied emission factor for N2O (Synthetic fertilizers)|Synthetic Nitrogen fertilizers|2010|kg N2O-N/kg N|0.0133|
Synthetic Fertilizers|Oman|Emissions (N2O) (Synthetic fertilizers)|Synthetic Nitrogen fertilizers|2010|gigagrams N2O-N|0.0261|
Synthetic Fertilizers|Pakistan|Agricultural Use in nutrients|Synthetic Nitrogen fertilizers|2010|kg of nutrients|3270531000|
Synthetic Fertilizers|Pakistan|Implied emission factor for N2O (Synthetic fertilizers)|Synthetic Nitrogen fertilizers|2010|kg N2O-N/kg N|0.0132|
Synthetic Fertilizers|Pakistan|Emissions (N2O) (Synthetic fertilizers)|Synthetic Nitrogen fertilizers|2010|gigagrams N2O-N|68.0971|
Synthetic Fertilizers|Panama|Agricultural Use in nutrients|Synthetic Nitrogen fertilizers|2010|kg of nutrients|21601000|
Synthetic Fertilizers|Panama|Implied emission factor for N2O (Synthetic fertilizers)|Synthetic Nitrogen fertilizers|2010|kg N2O-N/kg N|0.0133|
Synthetic Fertilizers|Panama|Emissions (N2O) (Synthetic fertilizers)|Synthetic Nitrogen fertilizers|2010|gigagrams N2O-N|0.4498|
Synthetic Fertilizers|Papua New Guinea|Agricultural Use in nutrients|Synthetic Nitrogen fertilizers|2010|kg of nutrients|15968000|
Synthetic Fertilizers|Papua New Guinea|Implied emission factor for N2O (Synthetic fertilizers)|Synthetic Nitrogen fertilizers|2010|kg N2O-N/kg N|0.0133|
Synthetic Fertilizers|Papua New Guinea|Emissions (N2O) (Synthetic fertilizers)|Synthetic Nitrogen fertilizers|2010|gigagrams N2O-N|0.3325|
Synthetic Fertilizers|Paraguay|Agricultural Use in nutrients|Synthetic Nitrogen fertilizers|2010|kg of nutrients|81616000|
Synthetic Fertilizers|Paraguay|Implied emission factor for N2O (Synthetic fertilizers)|Synthetic Nitrogen fertilizers|2010|kg N2O-N/kg N|0.0132|
Synthetic Fertilizers|Paraguay|Emissions (N2O) (Synthetic fertilizers)|Synthetic Nitrogen fertilizers|2010|gigagrams N2O-N|1.6994|
Synthetic Fertilizers|Peru|Agricultural Use in nutrients|Synthetic Nitrogen fertilizers|2010|kg of nutrients|223425000|
Synthetic Fertilizers|Peru|Implied emission factor for N2O (Synthetic fertilizers)|Synthetic Nitrogen fertilizers|2010|kg N2O-N/kg N|0.0133|
Synthetic Fertilizers|Peru|Emissions (N2O) (Synthetic fertilizers)|Synthetic Nitrogen fertilizers|2010|gigagrams N2O-N|4.652|
Synthetic Fertilizers|Philippines|Agricultural Use in nutrients|Synthetic Nitrogen fertilizers|2010|kg of nutrients|593226000|
Synthetic Fertilizers|Philippines|Implied emission factor for N2O (Synthetic fertilizers)|Synthetic Nitrogen fertilizers|2010|kg N2O-N/kg N|0.0133|
Synthetic Fertilizers|Philippines|Emissions (N2O) (Synthetic fertilizers)|Synthetic Nitrogen fertilizers|2010|gigagrams N2O-N|12.3518|
Synthetic Fertilizers|Poland|Agricultural Use in nutrients|Synthetic Nitrogen fertilizers|2010|kg of nutrients|1091100000|
Synthetic Fertilizers|Poland|Implied emission factor for N2O (Synthetic fertilizers)|Synthetic Nitrogen fertilizers|2010|kg N2O-N/kg N|0.0132|
Synthetic Fertilizers|Poland|Emissions (N2O) (Synthetic fertilizers)|Synthetic Nitrogen fertilizers|2010|gigagrams N2O-N|22.7183|
Synthetic Fertilizers|Portugal|Agricultural Use in nutrients|Synthetic Nitrogen fertilizers|2010|kg of nutrients|100249000|
Synthetic Fertilizers|Portugal|Implied emission factor for N2O (Synthetic fertilizers)|Synthetic Nitrogen fertilizers|2010|kg N2O-N/kg N|0.0133|
Synthetic Fertilizers|Portugal|Emissions (N2O) (Synthetic fertilizers)|Synthetic Nitrogen fertilizers|2010|gigagrams N2O-N|2.0873|
Synthetic Fertilizers|Qatar|Agricultural Use in nutrients|Synthetic Nitrogen fertilizers|2010|kg of nutrients|81880000|
Synthetic Fertilizers|Qatar|Implied emission factor for N2O (Synthetic fertilizers)|Synthetic Nitrogen fertilizers|2010|kg N2O-N/kg N|0.0132|
Synthetic Fertilizers|Qatar|Emissions (N2O) (Synthetic fertilizers)|Synthetic Nitrogen fertilizers|2010|gigagrams N2O-N|1.7049|
Synthetic Fertilizers|Republic of Korea|Agricultural Use in nutrients|Synthetic Nitrogen fertilizers|2010|kg of nutrients|213320510|
Synthetic Fertilizers|Republic of Korea|Implied emission factor for N2O (Synthetic fertilizers)|Synthetic Nitrogen fertilizers|2010|kg N2O-N/kg N|0.0133|
Synthetic Fertilizers|Republic of Korea|Emissions (N2O) (Synthetic fertilizers)|Synthetic Nitrogen fertilizers|2010|gigagrams N2O-N|4.4416|
Synthetic Fertilizers|Republic of Moldova|Agricultural Use in nutrients|Synthetic Nitrogen fertilizers|2010|kg of nutrients|16355000|
Synthetic Fertilizers|Republic of Moldova|Implied emission factor for N2O (Synthetic fertilizers)|Synthetic Nitrogen fertilizers|2010|kg N2O-N/kg N|0.0133|
Synthetic Fertilizers|Republic of Moldova|Emissions (N2O) (Synthetic fertilizers)|Synthetic Nitrogen fertilizers|2010|gigagrams N2O-N|0.3405|
Synthetic Fertilizers|Romania|Agricultural Use in nutrients|Synthetic Nitrogen fertilizers|2010|kg of nutrients|305757000|
Synthetic Fertilizers|Romania|Implied emission factor for N2O (Synthetic fertilizers)|Synthetic Nitrogen fertilizers|2010|kg N2O-N/kg N|0.0133|
Synthetic Fertilizers|Romania|Emissions (N2O) (Synthetic fertilizers)|Synthetic Nitrogen fertilizers|2010|gigagrams N2O-N|6.3663|
Synthetic Fertilizers|Russian Federation|Agricultural Use in nutrients|Synthetic Nitrogen fertilizers|2010|kg of nutrients|1192680000|
Synthetic Fertilizers|Russian Federation|Implied emission factor for N2O (Synthetic fertilizers)|Synthetic Nitrogen fertilizers|2010|kg N2O-N/kg N|0.0133|
Synthetic Fertilizers|Russian Federation|Emissions (N2O) (Synthetic fertilizers)|Synthetic Nitrogen fertilizers|2010|gigagrams N2O-N|24.8333|
Synthetic Fertilizers|Rwanda|Agricultural Use in nutrients|Synthetic Nitrogen fertilizers|2010|kg of nutrients|94000|
Synthetic Fertilizers|Rwanda|Implied emission factor for N2O (Synthetic fertilizers)|Synthetic Nitrogen fertilizers|2010|kg N2O-N/kg N|0.0133|
Synthetic Fertilizers|Rwanda|Emissions (N2O) (Synthetic fertilizers)|Synthetic Nitrogen fertilizers|2010|gigagrams N2O-N|0.002|
Synthetic Fertilizers|Saint Kitts and Nevis|Agricultural Use in nutrients|Synthetic Nitrogen fertilizers|2010|kg of nutrients|23000|
Synthetic Fertilizers|Saint Kitts and Nevis|Implied emission factor for N2O (Synthetic fertilizers)|Synthetic Nitrogen fertilizers|2010|kg N2O-N/kg N|0.0133|
Synthetic Fertilizers|Saint Kitts and Nevis|Emissions (N2O) (Synthetic fertilizers)|Synthetic Nitrogen fertilizers|2010|gigagrams N2O-N|0.0005|
Synthetic Fertilizers|Saint Lucia|Agricultural Use in nutrients|Synthetic Nitrogen fertilizers|2010|kg of nutrients|252000|
Synthetic Fertilizers|Saint Lucia|Implied emission factor for N2O (Synthetic fertilizers)|Synthetic Nitrogen fertilizers|2010|kg N2O-N/kg N|0.0133|
Synthetic Fertilizers|Saint Lucia|Emissions (N2O) (Synthetic fertilizers)|Synthetic Nitrogen fertilizers|2010|gigagrams N2O-N|0.0052|
Synthetic Fertilizers|Samoa|Agricultural Use in nutrients|Synthetic Nitrogen fertilizers|2010|kg of nutrients|6000|
Synthetic Fertilizers|Samoa|Implied emission factor for N2O (Synthetic fertilizers)|Synthetic Nitrogen fertilizers|2010|kg N2O-N/kg N|0.0133|
Synthetic Fertilizers|Samoa|Emissions (N2O) (Synthetic fertilizers)|Synthetic Nitrogen fertilizers|2010|gigagrams N2O-N|0.0001|
Synthetic Fertilizers|Saudi Arabia|Agricultural Use in nutrients|Synthetic Nitrogen fertilizers|2010|kg of nutrients|125000000|
Synthetic Fertilizers|Saudi Arabia|Implied emission factor for N2O (Synthetic fertilizers)|Synthetic Nitrogen fertilizers|2010|kg N2O-N/kg N|0.0132|
Synthetic Fertilizers|Saudi Arabia|Emissions (N2O) (Synthetic fertilizers)|Synthetic Nitrogen fertilizers|2010|gigagrams N2O-N|2.6027|
Synthetic Fertilizers|Senegal|Agricultural Use in nutrients|Synthetic Nitrogen fertilizers|2010|kg of nutrients|27170000|
Synthetic Fertilizers|Senegal|Implied emission factor for N2O (Synthetic fertilizers)|Synthetic Nitrogen fertilizers|2010|kg N2O-N/kg N|0.0132|
Synthetic Fertilizers|Senegal|Emissions (N2O) (Synthetic fertilizers)|Synthetic Nitrogen fertilizers|2010|gigagrams N2O-N|0.5657|
Synthetic Fertilizers|Serbia|Agricultural Use in nutrients|Synthetic Nitrogen fertilizers|2010|kg of nutrients|213441000|
Synthetic Fertilizers|Serbia|Implied emission factor for N2O (Synthetic fertilizers)|Synthetic Nitrogen fertilizers|2010|kg N2O-N/kg N|0.0132|
Synthetic Fertilizers|Serbia|Emissions (N2O) (Synthetic fertilizers)|Synthetic Nitrogen fertilizers|2010|gigagrams N2O-N|4.4441|
Synthetic Fertilizers|Seychelles|Agricultural Use in nutrients|Synthetic Nitrogen fertilizers|2010|kg of nutrients|10000|
Synthetic Fertilizers|Seychelles|Implied emission factor for N2O (Synthetic fertilizers)|Synthetic Nitrogen fertilizers|2010|kg N2O-N/kg N|0.0133|
Synthetic Fertilizers|Seychelles|Emissions (N2O) (Synthetic fertilizers)|Synthetic Nitrogen fertilizers|2010|gigagrams N2O-N|0.0002|
Synthetic Fertilizers|Singapore|Agricultural Use in nutrients|Synthetic Nitrogen fertilizers|2010|kg of nutrients|27555087.4|
Synthetic Fertilizers|Singapore|Implied emission factor for N2O (Synthetic fertilizers)|Synthetic Nitrogen fertilizers|2010|kg N2O-N/kg N|0.0132|
Synthetic Fertilizers|Singapore|Emissions (N2O) (Synthetic fertilizers)|Synthetic Nitrogen fertilizers|2010|gigagrams N2O-N|0.5737|
Synthetic Fertilizers|Slovakia|Agricultural Use in nutrients|Synthetic Nitrogen fertilizers|2010|kg of nutrients|92969000|
Synthetic Fertilizers|Slovakia|Implied emission factor for N2O (Synthetic fertilizers)|Synthetic Nitrogen fertilizers|2010|kg N2O-N/kg N|0.0132|
Synthetic Fertilizers|Slovakia|Emissions (N2O) (Synthetic fertilizers)|Synthetic Nitrogen fertilizers|2010|gigagrams N2O-N|1.9357|
Synthetic Fertilizers|Slovenia|Agricultural Use in nutrients|Synthetic Nitrogen fertilizers|2010|kg of nutrients|27328000|
Synthetic Fertilizers|Slovenia|Implied emission factor for N2O (Synthetic fertilizers)|Synthetic Nitrogen fertilizers|2010|kg N2O-N/kg N|0.0133|
Synthetic Fertilizers|Slovenia|Emissions (N2O) (Synthetic fertilizers)|Synthetic Nitrogen fertilizers|2010|gigagrams N2O-N|0.569|
Synthetic Fertilizers|South Africa|Agricultural Use in nutrients|Synthetic Nitrogen fertilizers|2010|kg of nutrients|395000000|
Synthetic Fertilizers|South Africa|Implied emission factor for N2O (Synthetic fertilizers)|Synthetic Nitrogen fertilizers|2010|kg N2O-N/kg N|0.0133|
Synthetic Fertilizers|South Africa|Emissions (N2O) (Synthetic fertilizers)|Synthetic Nitrogen fertilizers|2010|gigagrams N2O-N|8.2245|
Synthetic Fertilizers|Spain|Agricultural Use in nutrients|Synthetic Nitrogen fertilizers|2010|kg of nutrients|941100000|
Synthetic Fertilizers|Spain|Implied emission factor for N2O (Synthetic fertilizers)|Synthetic Nitrogen fertilizers|2010|kg N2O-N/kg N|0.0133|
Synthetic Fertilizers|Spain|Emissions (N2O) (Synthetic fertilizers)|Synthetic Nitrogen fertilizers|2010|gigagrams N2O-N|19.595|
Synthetic Fertilizers|Sri Lanka|Agricultural Use in nutrients|Synthetic Nitrogen fertilizers|2010|kg of nutrients|166096000|
Synthetic Fertilizers|Sri Lanka|Implied emission factor for N2O (Synthetic fertilizers)|Synthetic Nitrogen fertilizers|2010|kg N2O-N/kg N|0.0133|
Synthetic Fertilizers|Sri Lanka|Emissions (N2O) (Synthetic fertilizers)|Synthetic Nitrogen fertilizers|2010|gigagrams N2O-N|3.4584|
Synthetic Fertilizers|Sudan (former)|Agricultural Use in nutrients|Synthetic Nitrogen fertilizers|2010|kg of nutrients|129410000|
Synthetic Fertilizers|Sudan (former)|Implied emission factor for N2O (Synthetic fertilizers)|Synthetic Nitrogen fertilizers|2010|kg N2O-N/kg N|0.0133|
Synthetic Fertilizers|Sudan (former)|Emissions (N2O) (Synthetic fertilizers)|Synthetic Nitrogen fertilizers|2010|gigagrams N2O-N|2.6945|
Synthetic Fertilizers|Suriname|Agricultural Use in nutrients|Synthetic Nitrogen fertilizers|2010|kg of nutrients|9844000|
Synthetic Fertilizers|Suriname|Implied emission factor for N2O (Synthetic fertilizers)|Synthetic Nitrogen fertilizers|2010|kg N2O-N/kg N|0.0132|
Synthetic Fertilizers|Suriname|Emissions (N2O) (Synthetic fertilizers)|Synthetic Nitrogen fertilizers|2010|gigagrams N2O-N|0.205|
Synthetic Fertilizers|Sweden|Agricultural Use in nutrients|Synthetic Nitrogen fertilizers|2010|kg of nutrients|167194000|
Synthetic Fertilizers|Sweden|Implied emission factor for N2O (Synthetic fertilizers)|Synthetic Nitrogen fertilizers|2010|kg N2O-N/kg N|0.0132|
Synthetic Fertilizers|Sweden|Emissions (N2O) (Synthetic fertilizers)|Synthetic Nitrogen fertilizers|2010|gigagrams N2O-N|3.4812|
Synthetic Fertilizers|Switzerland|Agricultural Use in nutrients|Synthetic Nitrogen fertilizers|2010|kg of nutrients|50829000|
Synthetic Fertilizers|Switzerland|Implied emission factor for N2O (Synthetic fertilizers)|Synthetic Nitrogen fertilizers|2010|kg N2O-N/kg N|0.0133|
Synthetic Fertilizers|Switzerland|Emissions (N2O) (Synthetic fertilizers)|Synthetic Nitrogen fertilizers|2010|gigagrams N2O-N|1.0583|
Synthetic Fertilizers|Syrian Arab Republic|Agricultural Use in nutrients|Synthetic Nitrogen fertilizers|2010|kg of nutrients|119175000|
Synthetic Fertilizers|Syrian Arab Republic|Implied emission factor for N2O (Synthetic fertilizers)|Synthetic Nitrogen fertilizers|2010|kg N2O-N/kg N|0.0133|
Synthetic Fertilizers|Syrian Arab Republic|Emissions (N2O) (Synthetic fertilizers)|Synthetic Nitrogen fertilizers|2010|gigagrams N2O-N|2.4814|
Synthetic Fertilizers|Tajikistan|Agricultural Use in nutrients|Synthetic Nitrogen fertilizers|2010|kg of nutrients|45490000|
Synthetic Fertilizers|Tajikistan|Implied emission factor for N2O (Synthetic fertilizers)|Synthetic Nitrogen fertilizers|2010|kg N2O-N/kg N|0.0133|
Synthetic Fertilizers|Tajikistan|Emissions (N2O) (Synthetic fertilizers)|Synthetic Nitrogen fertilizers|2010|gigagrams N2O-N|0.9472|
Synthetic Fertilizers|Thailand|Agricultural Use in nutrients|Synthetic Nitrogen fertilizers|2010|kg of nutrients|1607075872.555|
Synthetic Fertilizers|Thailand|Implied emission factor for N2O (Synthetic fertilizers)|Synthetic Nitrogen fertilizers|2010|kg N2O-N/kg N|0.0133|
Synthetic Fertilizers|Thailand|Emissions (N2O) (Synthetic fertilizers)|Synthetic Nitrogen fertilizers|2010|gigagrams N2O-N|33.4616|
Synthetic Fertilizers|Togo|Agricultural Use in nutrients|Synthetic Nitrogen fertilizers|2010|kg of nutrients|9227000|
Synthetic Fertilizers|Togo|Implied emission factor for N2O (Synthetic fertilizers)|Synthetic Nitrogen fertilizers|2010|kg N2O-N/kg N|0.0132|
Synthetic Fertilizers|Togo|Emissions (N2O) (Synthetic fertilizers)|Synthetic Nitrogen fertilizers|2010|gigagrams N2O-N|0.1921|
Synthetic Fertilizers|Tonga|Agricultural Use in nutrients|Synthetic Nitrogen fertilizers|2010|kg of nutrients|3212000|
Synthetic Fertilizers|Tonga|Implied emission factor for N2O (Synthetic fertilizers)|Synthetic Nitrogen fertilizers|2010|kg N2O-N/kg N|0.0133|
Synthetic Fertilizers|Tonga|Emissions (N2O) (Synthetic fertilizers)|Synthetic Nitrogen fertilizers|2010|gigagrams N2O-N|0.0669|
Synthetic Fertilizers|Trinidad and Tobago|Agricultural Use in nutrients|Synthetic Nitrogen fertilizers|2010|kg of nutrients|5100000|
Synthetic Fertilizers|Trinidad and Tobago|Implied emission factor for N2O (Synthetic fertilizers)|Synthetic Nitrogen fertilizers|2010|kg N2O-N/kg N|0.0132|
Synthetic Fertilizers|Trinidad and Tobago|Emissions (N2O) (Synthetic fertilizers)|Synthetic Nitrogen fertilizers|2010|gigagrams N2O-N|0.1062|
Synthetic Fertilizers|Tunisia|Agricultural Use in nutrients|Synthetic Nitrogen fertilizers|2010|kg of nutrients|130297398.52|
Synthetic Fertilizers|Tunisia|Implied emission factor for N2O (Synthetic fertilizers)|Synthetic Nitrogen fertilizers|2010|kg N2O-N/kg N|0.0132|
Synthetic Fertilizers|Tunisia|Emissions (N2O) (Synthetic fertilizers)|Synthetic Nitrogen fertilizers|2010|gigagrams N2O-N|2.713|
Synthetic Fertilizers|Turkey|Agricultural Use in nutrients|Synthetic Nitrogen fertilizers|2010|kg of nutrients|1427716000|
Synthetic Fertilizers|Turkey|Implied emission factor for N2O (Synthetic fertilizers)|Synthetic Nitrogen fertilizers|2010|kg N2O-N/kg N|0.0133|
Synthetic Fertilizers|Turkey|Emissions (N2O) (Synthetic fertilizers)|Synthetic Nitrogen fertilizers|2010|gigagrams N2O-N|29.7271|
Synthetic Fertilizers|Uganda|Agricultural Use in nutrients|Synthetic Nitrogen fertilizers|2010|kg of nutrients|6366000|
Synthetic Fertilizers|Uganda|Implied emission factor for N2O (Synthetic fertilizers)|Synthetic Nitrogen fertilizers|2010|kg N2O-N/kg N|0.0133|
Synthetic Fertilizers|Uganda|Emissions (N2O) (Synthetic fertilizers)|Synthetic Nitrogen fertilizers|2010|gigagrams N2O-N|0.1325|
Synthetic Fertilizers|Ukraine|Agricultural Use in nutrients|Synthetic Nitrogen fertilizers|2010|kg of nutrients|774610000|
Synthetic Fertilizers|Ukraine|Implied emission factor for N2O (Synthetic fertilizers)|Synthetic Nitrogen fertilizers|2010|kg N2O-N/kg N|0.0133|
Synthetic Fertilizers|Ukraine|Emissions (N2O) (Synthetic fertilizers)|Synthetic Nitrogen fertilizers|2010|gigagrams N2O-N|16.1285|
Synthetic Fertilizers|United Arab Emirates|Agricultural Use in nutrients|Synthetic Nitrogen fertilizers|2010|kg of nutrients|26050000|
Synthetic Fertilizers|United Arab Emirates|Implied emission factor for N2O (Synthetic fertilizers)|Synthetic Nitrogen fertilizers|2010|kg N2O-N/kg N|0.0133|
Synthetic Fertilizers|United Arab Emirates|Emissions (N2O) (Synthetic fertilizers)|Synthetic Nitrogen fertilizers|2010|gigagrams N2O-N|0.5424|
Synthetic Fertilizers|United Kingdom of Great Britain and Northern Ireland|Agricultural Use in nutrients|Synthetic Nitrogen fertilizers|2010|kg of nutrients|1022000000|
Synthetic Fertilizers|United Kingdom of Great Britain and Northern Ireland|Implied emission factor for N2O (Synthetic fertilizers)|Synthetic Nitrogen fertilizers|2010|kg N2O-N/kg N|0.0132|
Synthetic Fertilizers|United Kingdom of Great Britain and Northern Ireland|Emissions (N2O) (Synthetic fertilizers)|Synthetic Nitrogen fertilizers|2010|gigagrams N2O-N|21.2795|
Synthetic Fertilizers|United Republic of Tanzania|Agricultural Use in nutrients|Synthetic Nitrogen fertilizers|2010|kg of nutrients|66380000|
Synthetic Fertilizers|United Republic of Tanzania|Implied emission factor for N2O (Synthetic fertilizers)|Synthetic Nitrogen fertilizers|2010|kg N2O-N/kg N|0.0133|
Synthetic Fertilizers|United Republic of Tanzania|Emissions (N2O) (Synthetic fertilizers)|Synthetic Nitrogen fertilizers|2010|gigagrams N2O-N|1.3821|
Synthetic Fertilizers|United States of America|Agricultural Use in nutrients|Synthetic Nitrogen fertilizers|2010|kg of nutrients|11056708000|
Synthetic Fertilizers|United States of America|Implied emission factor for N2O (Synthetic fertilizers)|Synthetic Nitrogen fertilizers|2010|kg N2O-N/kg N|0.0133|
Synthetic Fertilizers|United States of America|Emissions (N2O) (Synthetic fertilizers)|Synthetic Nitrogen fertilizers|2010|gigagrams N2O-N|230.2165|
Synthetic Fertilizers|Uruguay|Agricultural Use in nutrients|Synthetic Nitrogen fertilizers|2010|kg of nutrients|151476000|
Synthetic Fertilizers|Uruguay|Implied emission factor for N2O (Synthetic fertilizers)|Synthetic Nitrogen fertilizers|2010|kg N2O-N/kg N|0.0133|
Synthetic Fertilizers|Uruguay|Emissions (N2O) (Synthetic fertilizers)|Synthetic Nitrogen fertilizers|2010|gigagrams N2O-N|3.1539|
Synthetic Fertilizers|Uzbekistan|Agricultural Use in nutrients|Synthetic Nitrogen fertilizers|2010|kg of nutrients|632735500|
Synthetic Fertilizers|Uzbekistan|Implied emission factor for N2O (Synthetic fertilizers)|Synthetic Nitrogen fertilizers|2010|kg N2O-N/kg N|0.0133|
Synthetic Fertilizers|Uzbekistan|Emissions (N2O) (Synthetic fertilizers)|Synthetic Nitrogen fertilizers|2010|gigagrams N2O-N|13.1745|
Synthetic Fertilizers|Venezuela (Bolivarian Republic of)|Agricultural Use in nutrients|Synthetic Nitrogen fertilizers|2010|kg of nutrients|297320000|
Synthetic Fertilizers|Venezuela (Bolivarian Republic of)|Implied emission factor for N2O (Synthetic fertilizers)|Synthetic Nitrogen fertilizers|2010|kg N2O-N/kg N|0.0132|
Synthetic Fertilizers|Venezuela (Bolivarian Republic of)|Emissions (N2O) (Synthetic fertilizers)|Synthetic Nitrogen fertilizers|2010|gigagrams N2O-N|6.1906|
Synthetic Fertilizers|Viet Nam|Agricultural Use in nutrients|Synthetic Nitrogen fertilizers|2010|kg of nutrients|1196158719.65|
Synthetic Fertilizers|Viet Nam|Implied emission factor for N2O (Synthetic fertilizers)|Synthetic Nitrogen fertilizers|2010|kg N2O-N/kg N|0.0133|
Synthetic Fertilizers|Viet Nam|Emissions (N2O) (Synthetic fertilizers)|Synthetic Nitrogen fertilizers|2010|gigagrams N2O-N|24.9057|
Synthetic Fertilizers|Yemen|Agricultural Use in nutrients|Synthetic Nitrogen fertilizers|2010|kg of nutrients|23920000|
Synthetic Fertilizers|Yemen|Implied emission factor for N2O (Synthetic fertilizers)|Synthetic Nitrogen fertilizers|2010|kg N2O-N/kg N|0.0132|
Synthetic Fertilizers|Yemen|Emissions (N2O) (Synthetic fertilizers)|Synthetic Nitrogen fertilizers|2010|gigagrams N2O-N|0.498|
Synthetic Fertilizers|Zambia|Agricultural Use in nutrients|Synthetic Nitrogen fertilizers|2010|kg of nutrients|77617000|
Synthetic Fertilizers|Zambia|Implied emission factor for N2O (Synthetic fertilizers)|Synthetic Nitrogen fertilizers|2010|kg N2O-N/kg N|0.0133|
Synthetic Fertilizers|Zambia|Emissions (N2O) (Synthetic fertilizers)|Synthetic Nitrogen fertilizers|2010|gigagrams N2O-N|1.6161|
Synthetic Fertilizers|Zimbabwe|Agricultural Use in nutrients|Synthetic Nitrogen fertilizers|2010|kg of nutrients|70502000|
Synthetic Fertilizers|Zimbabwe|Implied emission factor for N2O (Synthetic fertilizers)|Synthetic Nitrogen fertilizers|2010|kg N2O-N/kg N|0.0132|
Synthetic Fertilizers|Zimbabwe|Emissions (N2O) (Synthetic fertilizers)|Synthetic Nitrogen fertilizers|2010|gigagrams N2O-N|1.468|
